month,zone,climatology,pixels,source
1,overall,0.74051,15095,Chlor_a_VIIRS_01_January_2012_2026_4km.data
1,upper_gulf,2.484409,610,Chlor_a_VIIRS_01_January_2012_2026_4km.data
1,rayong,0.617814,439,Chlor_a_VIIRS_01_January_2012_2026_4km.data
1,trat,0.938369,369,Chlor_a_VIIRS_01_January_2012_2026_4km.data
1,central_gulf,2.028263,935,Chlor_a_VIIRS_01_January_2012_2026_4km.data
1,lower_gulf,1.096096,968,Chlor_a_VIIRS_01_January_2012_2026_4km.data
1,andaman,0.923407,1962,Chlor_a_VIIRS_01_January_2012_2026_4km.data
2,overall,0.637895,15095,Chlor_a_VIIRS_02_February_2012_2025_4km.data
2,upper_gulf,2.270423,610,Chlor_a_VIIRS_02_February_2012_2025_4km.data
2,rayong,0.610526,439,Chlor_a_VIIRS_02_February_2012_2025_4km.data
2,trat,0.909078,369,Chlor_a_VIIRS_02_February_2012_2025_4km.data
2,central_gulf,1.506095,935,Chlor_a_VIIRS_02_February_2012_2025_4km.data
2,lower_gulf,0.825341,968,Chlor_a_VIIRS_02_February_2012_2025_4km.data
2,andaman,0.906707,1962,Chlor_a_VIIRS_02_February_2012_2025_4km.data
3,overall,0.556783,15095,Chlor_a_VIIRS_03_March_2012_2025_4km.data
3,upper_gulf,2.663956,610,Chlor_a_VIIRS_03_March_2012_2025_4km.data
3,rayong,0.57085,439,Chlor_a_VIIRS_03_March_2012_2025_4km.data
3,trat,0.875654,369,Chlor_a_VIIRS_03_March_2012_2025_4km.data
3,central_gulf,1.199275,935,Chlor_a_VIIRS_03_March_2012_2025_4km.data
3,lower_gulf,0.608081,968,Chlor_a_VIIRS_03_March_2012_2025_4km.data
3,andaman,0.79339,1962,Chlor_a_VIIRS_03_March_2012_2025_4km.data
4,overall,0.531062,15093,Chlor_a_VIIRS_04_April_2012_2025_4km.data
4,upper_gulf,2.906974,610,Chlor_a_VIIRS_04_April_2012_2025_4km.data
4,rayong,0.579464,439,Chlor_a_VIIRS_04_April_2012_2025_4km.data
4,trat,0.910135,369,Chlor_a_VIIRS_04_April_2012_2025_4km.data
4,central_gulf,1.156561,933,Chlor_a_VIIRS_04_April_2012_2025_4km.data
4,lower_gulf,0.482801,968,Chlor_a_VIIRS_04_April_2012_2025_4km.data
4,andaman,0.84143,1962,Chlor_a_VIIRS_04_April_2012_2025_4km.data
5,overall,0.54881,15094,Chlor_a_VIIRS_05_May_2012_2025_4km.data
5,upper_gulf,3.671705,610,Chlor_a_VIIRS_05_May_2012_2025_4km.data
5,rayong,0.634052,439,Chlor_a_VIIRS_05_May_2012_2025_4km.data
5,trat,1.027005,369,Chlor_a_VIIRS_05_May_2012_2025_4km.data
5,central_gulf,1.288001,935,Chlor_a_VIIRS_05_May_2012_2025_4km.data
5,lower_gulf,0.501028,968,Chlor_a_VIIRS_05_May_2012_2025_4km.data
5,andaman,0.738528,1962,Chlor_a_VIIRS_05_May_2012_2025_4km.data
6,overall,0.635514,15091,Chlor_a_VIIRS_06_June_2012_2025_4km.data
6,upper_gulf,4.657592,610,Chlor_a_VIIRS_06_June_2012_2025_4km.data
6,rayong,0.820741,439,Chlor_a_VIIRS_06_June_2012_2025_4km.data
6,trat,1.48597,368,Chlor_a_VIIRS_06_June_2012_2025_4km.data
6,central_gulf,1.291006,933,Chlor_a_VIIRS_06_June_2012_2025_4km.data
6,lower_gulf,0.497001,968,Chlor_a_VIIRS_06_June_2012_2025_4km.data
6,andaman,0.768216,1962,Chlor_a_VIIRS_06_June_2012_2025_4km.data
7,overall,0.629212,15091,Chlor_a_VIIRS_07_July_2012_2025_4km.data
7,upper_gulf,4.753481,610,Chlor_a_VIIRS_07_July_2012_2025_4km.data
7,rayong,0.887688,439,Chlor_a_VIIRS_07_July_2012_2025_4km.data
7,trat,1.521933,369,Chlor_a_VIIRS_07_July_2012_2025_4km.data
7,central_gulf,1.250473,932,Chlor_a_VIIRS_07_July_2012_2025_4km.data
7,lower_gulf,0.507499,968,Chlor_a_VIIRS_07_July_2012_2025_4km.data
7,andaman,0.690766,1961,Chlor_a_VIIRS_07_July_2012_2025_4km.data
8,overall,0.67117,15094,Chlor_a_VIIRS_08_August_2012_2025_4km.data
8,upper_gulf,6.020117,610,Chlor_a_VIIRS_08_August_2012_2025_4km.data
8,rayong,0.89899,439,Chlor_a_VIIRS_08_August_2012_2025_4km.data
8,trat,1.524946,369,Chlor_a_VIIRS_08_August_2012_2025_4km.data
8,central_gulf,1.233216,934,Chlor_a_VIIRS_08_August_2012_2025_4km.data
8,lower_gulf,0.499945,968,Chlor_a_VIIRS_08_August_2012_2025_4km.data
8,andaman,0.649056,1962,Chlor_a_VIIRS_08_August_2012_2025_4km.data
9,overall,0.650603,15093,Chlor_a_VIIRS_09_September_2012_2025_4km.data
9,upper_gulf,5.875011,610,Chlor_a_VIIRS_09_September_2012_2025_4km.data
9,rayong,0.865357,439,Chlor_a_VIIRS_09_September_2012_2025_4km.data
9,trat,1.47743,369,Chlor_a_VIIRS_09_September_2012_2025_4km.data
9,central_gulf,1.129731,935,Chlor_a_VIIRS_09_September_2012_2025_4km.data
9,lower_gulf,0.496153,968,Chlor_a_VIIRS_09_September_2012_2025_4km.data
9,andaman,0.664804,1962,Chlor_a_VIIRS_09_September_2012_2025_4km.data
10,overall,0.621695,15095,Chlor_a_VIIRS_10_October_2012_2025_4km.data
10,upper_gulf,5.087093,610,Chlor_a_VIIRS_10_October_2012_2025_4km.data
10,rayong,0.76934,439,Chlor_a_VIIRS_10_October_2012_2025_4km.data
10,trat,1.127222,369,Chlor_a_VIIRS_10_October_2012_2025_4km.data
10,central_gulf,1.230723,935,Chlor_a_VIIRS_10_October_2012_2025_4km.data
10,lower_gulf,0.53966,968,Chlor_a_VIIRS_10_October_2012_2025_4km.data
10,andaman,0.657036,1962,Chlor_a_VIIRS_10_October_2012_2025_4km.data
11,overall,0.660874,15095,Chlor_a_VIIRS_11_November_2012_2025_4km.data
11,upper_gulf,3.851201,610,Chlor_a_VIIRS_11_November_2012_2025_4km.data
11,rayong,0.641974,439,Chlor_a_VIIRS_11_November_2012_2025_4km.data
11,trat,0.932849,369,Chlor_a_VIIRS_11_November_2012_2025_4km.data
11,central_gulf,1.904198,935,Chlor_a_VIIRS_11_November_2012_2025_4km.data
11,lower_gulf,0.858883,968,Chlor_a_VIIRS_11_November_2012_2025_4km.data
11,andaman,0.708624,1962,Chlor_a_VIIRS_11_November_2012_2025_4km.data
12,overall,0.802003,15095,Chlor_a_VIIRS_12_December_2012_2025_4km.data
12,upper_gulf,2.694348,610,Chlor_a_VIIRS_12_December_2012_2025_4km.data
12,rayong,0.647142,439,Chlor_a_VIIRS_12_December_2012_2025_4km.data
12,trat,0.964626,369,Chlor_a_VIIRS_12_December_2012_2025_4km.data
12,central_gulf,2.578186,935,Chlor_a_VIIRS_12_December_2012_2025_4km.data
12,lower_gulf,1.579909,968,Chlor_a_VIIRS_12_December_2012_2025_4km.data
12,andaman,0.828876,1962,Chlor_a_VIIRS_12_December_2012_2025_4km.data
