year,month,zone,absolute,climatology,anomaly,pixels
2018,1,overall,0.619487,0.736862,-0.117375,15081
2018,1,upper_gulf,2.496586,2.484409,0.012177,610
2018,1,rayong,0.528794,0.617814,-0.08902,439
2018,1,trat,0.817077,0.938369,-0.121292,369
2018,1,central_gulf,1.282854,2.009409,-0.726555,930
2018,1,lower_gulf,0.991582,1.096096,-0.104514,968
2018,1,andaman,0.778795,0.919845,-0.14105,1960
2018,2,overall,0.588453,0.628607,-0.040154,14940
2018,2,upper_gulf,2.200306,2.218427,-0.01812,577
2018,2,rayong,0.472109,0.607604,-0.135495,438
2018,2,trat,0.707388,0.775526,-0.068138,354
2018,2,central_gulf,1.20256,1.480572,-0.278011,931
2018,2,lower_gulf,0.857501,0.825341,0.03216,968
2018,2,andaman,0.833019,0.90589,-0.072871,1961
2018,3,overall,0.478609,0.554162,-0.075552,15084
2018,3,upper_gulf,2.490383,2.654609,-0.164226,609
2018,3,rayong,0.460157,0.569646,-0.109489,438
2018,3,trat,0.774123,0.867941,-0.093818,367
2018,3,central_gulf,1.030048,1.18529,-0.155242,932
2018,3,lower_gulf,0.562404,0.608081,-0.045677,968
2018,3,andaman,0.615679,0.789186,-0.173507,1959
2018,4,overall,0.4777,0.511042,-0.033342,15003
2018,4,upper_gulf,2.540222,2.796807,-0.256585,603
2018,4,rayong,0.578764,0.579464,-0.0007,439
2018,4,trat,0.886742,0.893771,-0.007029,367
2018,4,central_gulf,1.073559,1.110457,-0.036899,926
2018,4,lower_gulf,0.522061,0.471413,0.050648,962
2018,4,andaman,0.629836,0.780557,-0.150721,1928
2018,5,overall,0.521112,0.540627,-0.019515,15074
2018,5,upper_gulf,3.994688,3.605543,0.389145,607
2018,5,rayong,0.559277,0.634052,-0.074775,439
2018,5,trat,0.892098,1.027254,-0.135155,368
2018,5,central_gulf,1.192563,1.259601,-0.067038,926
2018,5,lower_gulf,0.430944,0.501028,-0.070084,968
2018,5,andaman,0.61677,0.719406,-0.102636,1956
2018,6,overall,0.650453,0.60655,0.043903,14777
2018,6,upper_gulf,4.861275,4.48859,0.372684,603
2018,6,rayong,0.768975,0.770839,-0.001864,371
2018,6,trat,0.983213,1.363749,-0.380536,240
2018,6,central_gulf,1.381701,1.256976,0.124725,914
2018,6,lower_gulf,0.483017,0.496333,-0.013316,967
2018,6,andaman,0.888634,0.7588,0.129834,1959
2018,7,overall,0.571514,0.601808,-0.030294,13335
2018,7,upper_gulf,4.531091,4.689615,-0.158525,599
2018,7,rayong,0.842677,0.89255,-0.049873,425
2018,7,trat,0.789171,1.183947,-0.394777,288
2018,7,central_gulf,1.018844,1.113261,-0.094417,639
2018,7,lower_gulf,0.421831,0.492766,-0.070934,942
2018,7,andaman,0.588134,0.655904,-0.06777,1800
2018,8,overall,0.513728,0.596356,-0.082628,13897
2018,8,upper_gulf,3.596018,5.851879,-2.255861,543
2018,8,rayong,0.817668,0.612205,0.205463,348
2018,8,trat,0.66239,0.661859,0.000531,224
2018,8,central_gulf,0.949528,1.071947,-0.12242,851
2018,8,lower_gulf,0.400075,0.482809,-0.082734,958
2018,8,andaman,0.52011,0.61756,-0.09745,1929
2018,9,overall,0.610748,0.645158,-0.03441,15073
2018,9,upper_gulf,5.635003,5.856039,-0.221036,609
2018,9,rayong,0.787681,0.865357,-0.077676,439
2018,9,trat,1.09493,1.447892,-0.352961,367
2018,9,central_gulf,0.979692,1.10622,-0.126528,929
2018,9,lower_gulf,0.445807,0.496153,-0.050346,968
2018,9,andaman,0.633937,0.657353,-0.023416,1956
2018,10,overall,0.539251,0.61623,-0.076979,15050
2018,10,upper_gulf,4.596518,5.070364,-0.473845,608
2018,10,rayong,0.613059,0.76934,-0.156281,439
2018,10,trat,0.883992,1.127299,-0.243307,368
2018,10,central_gulf,1.100217,1.207999,-0.107782,931
2018,10,lower_gulf,0.518825,0.53966,-0.020835,968
2018,10,andaman,0.535005,0.648675,-0.11367,1958
2018,11,overall,0.634672,0.658655,-0.023983,15087
2018,11,upper_gulf,3.60962,3.851201,-0.24158,610
2018,11,rayong,0.580113,0.641974,-0.06186,439
2018,11,trat,0.821971,0.932849,-0.110878,369
2018,11,central_gulf,1.76196,1.904529,-0.142569,930
2018,11,lower_gulf,0.709399,0.858883,-0.149483,968
2018,11,andaman,0.821928,0.70801,0.113918,1961
2018,12,overall,0.706671,0.800634,-0.093963,15090
2018,12,upper_gulf,2.779365,2.694348,0.085016,610
2018,12,rayong,0.608995,0.647142,-0.038147,439
2018,12,trat,0.848514,0.964626,-0.116113,369
2018,12,central_gulf,2.182267,2.56026,-0.377993,933
2018,12,lower_gulf,0.901748,1.579909,-0.67816,968
2018,12,andaman,0.94928,0.828173,0.121107,1961
2019,1,overall,0.719668,0.736698,-0.01703,15066
2019,1,upper_gulf,2.712873,2.484409,0.228464,610
2019,1,rayong,0.688709,0.617814,0.070895,439
2019,1,trat,0.912845,0.938369,-0.025524,369
2019,1,central_gulf,1.761433,2.00402,-0.242586,925
2019,1,lower_gulf,1.026672,1.096615,-0.069943,967
2019,1,andaman,0.982251,0.92272,0.059532,1961
2019,2,overall,0.583256,0.635443,-0.052187,15087
2019,2,upper_gulf,2.051732,2.255816,-0.204084,609
2019,2,rayong,0.614469,0.610526,0.003943,439
2019,2,trat,0.831508,0.899047,-0.067539,367
2019,2,central_gulf,1.196635,1.489028,-0.292393,932
2019,2,lower_gulf,0.718733,0.825341,-0.106607,968
2019,2,andaman,0.90141,0.90589,-0.00448,1961
2019,3,overall,0.513709,0.555971,-0.042263,15089
2019,3,upper_gulf,2.828099,2.663956,0.164143,610
2019,3,rayong,0.579851,0.57085,0.009001,439
2019,3,trat,0.832592,0.873314,-0.040723,368
2019,3,central_gulf,0.977879,1.199467,-0.221588,934
2019,3,lower_gulf,0.534397,0.608081,-0.073684,968
2019,3,andaman,0.697516,0.790644,-0.093128,1960
2019,4,overall,0.510267,0.527599,-0.017332,15082
2019,4,upper_gulf,3.11722,2.877758,0.239462,608
2019,4,rayong,0.585877,0.579464,0.006413,439
2019,4,trat,0.956367,0.909648,0.046719,368
2019,4,central_gulf,1.173847,1.145085,0.028763,930
2019,4,lower_gulf,0.528662,0.482801,0.045861,968
2019,4,andaman,0.74411,0.839053,-0.094943,1960
2019,5,overall,0.572171,0.544211,0.02796,15069
2019,5,upper_gulf,2.895559,3.645441,-0.749882,609
2019,5,rayong,0.734306,0.634052,0.100253,439
2019,5,trat,1.125781,1.013354,0.112427,367
2019,5,central_gulf,1.819818,1.273845,0.545974,930
2019,5,lower_gulf,0.532749,0.501028,0.031721,968
2019,5,andaman,0.802339,0.73599,0.066349,1959
2019,6,overall,0.553562,0.601642,-0.04808,14916
2019,6,upper_gulf,3.791578,4.543038,-0.75146,592
2019,6,rayong,0.799266,0.819544,-0.020278,438
2019,6,trat,1.456177,1.376055,0.080121,360
2019,6,central_gulf,1.004491,1.140612,-0.136121,874
2019,6,lower_gulf,0.481952,0.481716,0.000236,965
2019,6,andaman,0.769027,0.75168,0.017348,1955
2019,7,overall,0.594241,0.606218,-0.011977,15018
2019,7,upper_gulf,5.002408,4.537924,0.464484,588
2019,7,rayong,0.675442,0.868211,-0.192769,429
2019,7,trat,1.4865,1.478392,0.008108,365
2019,7,central_gulf,1.065773,1.209162,-0.14339,913
2019,7,lower_gulf,0.477199,0.507499,-0.0303,968
2019,7,andaman,0.634009,0.689726,-0.055718,1959
2019,8,overall,0.586904,0.630191,-0.043286,14511
2019,8,upper_gulf,3.9482,5.817442,-1.869242,577
2019,8,rayong,0.679997,0.725876,-0.045878,400
2019,8,trat,2.084686,1.351234,0.733452,321
2019,8,central_gulf,0.925253,1.079993,-0.15474,862
2019,8,lower_gulf,0.458657,0.498757,-0.0401,967
2019,8,andaman,0.704075,0.634783,0.069291,1954
2019,9,overall,0.537601,0.609344,-0.071743,14581
2019,9,upper_gulf,4.144802,5.44438,-1.299577,575
2019,9,rayong,0.54612,0.730486,-0.184366,424
2019,9,trat,1.429587,1.392277,0.03731,363
2019,9,central_gulf,0.945385,1.096651,-0.151266,895
2019,9,lower_gulf,0.43252,0.482392,-0.049872,960
2019,9,andaman,0.58418,0.613187,-0.029007,1927
2019,10,overall,0.490868,0.617606,-0.126738,15083
2019,10,upper_gulf,3.28197,5.087093,-1.805123,610
2019,10,rayong,0.482158,0.76934,-0.287182,439
2019,10,trat,0.765551,1.127222,-0.361672,369
2019,10,central_gulf,1.11346,1.216254,-0.102794,933
2019,10,lower_gulf,0.464749,0.53966,-0.074911,968
2019,10,andaman,0.611793,0.643333,-0.03154,1956
2019,11,overall,0.564233,0.658673,-0.09444,15085
2019,11,upper_gulf,2.485511,3.851201,-1.36569,610
2019,11,rayong,0.498536,0.641974,-0.143437,439
2019,11,trat,0.867879,0.932849,-0.064971,369
2019,11,central_gulf,1.533215,1.900989,-0.367773,934
2019,11,lower_gulf,0.799769,0.858883,-0.059113,968
2019,11,andaman,0.71725,0.70573,0.01152,1960
2019,12,overall,0.670901,0.800373,-0.129472,15088
2019,12,upper_gulf,1.771763,2.694348,-0.922585,610
2019,12,rayong,0.574201,0.647142,-0.072941,439
2019,12,trat,0.925101,0.964626,-0.039525,369
2019,12,central_gulf,1.719198,2.573349,-0.854151,930
2019,12,lower_gulf,1.017857,1.579909,-0.562052,968
2019,12,andaman,0.823283,0.828173,-0.00489,1961
2020,1,overall,0.693133,0.740409,-0.047275,15094
2020,1,upper_gulf,2.624938,2.484409,0.140528,610
2020,1,rayong,0.572796,0.617814,-0.045017,439
2020,1,trat,0.93766,0.938369,-0.000709,369
2020,1,central_gulf,1.312395,2.028263,-0.715868,935
2020,1,lower_gulf,0.799561,1.096096,-0.296535,968
2020,1,andaman,1.018023,0.92272,0.095303,1961
2020,2,overall,0.795751,0.635981,0.159769,15067
2020,2,upper_gulf,3.551112,2.270423,1.280688,610
2020,2,rayong,0.699053,0.609166,0.089888,437
2020,2,trat,1.040586,0.906223,0.134362,367
2020,2,central_gulf,1.458561,1.497378,-0.038817,916
2020,2,lower_gulf,1.018607,0.825341,0.193266,968
2020,2,andaman,1.192721,0.90589,0.286831,1961
2020,3,overall,0.545394,0.552333,-0.006939,15077
2020,3,upper_gulf,2.103296,2.65037,-0.547074,605
2020,3,rayong,0.550177,0.565988,-0.01581,437
2020,3,trat,0.915751,0.842328,0.073423,366
2020,3,central_gulf,1.014963,1.183511,-0.168548,932
2020,3,lower_gulf,0.500379,0.608081,-0.107703,968
2020,3,andaman,0.920006,0.790644,0.129362,1960
2020,4,overall,0.520284,0.523754,-0.003469,15074
2020,4,upper_gulf,2.507737,2.848743,-0.341007,607
2020,4,rayong,0.633874,0.579464,0.05441,439
2020,4,trat,0.845758,0.882363,-0.036605,364
2020,4,central_gulf,1.077055,1.122636,-0.045582,927
2020,4,lower_gulf,0.478709,0.482801,-0.004092,968
2020,4,andaman,0.933193,0.840592,0.092601,1961
2020,5,overall,0.551053,0.537135,0.013919,15056
2020,5,upper_gulf,3.622517,3.630507,-0.007991,608
2020,5,rayong,0.623859,0.634052,-0.010193,439
2020,5,trat,0.809997,0.915063,-0.105065,360
2020,5,central_gulf,1.190756,1.239613,-0.048857,916
2020,5,lower_gulf,0.512208,0.501028,0.01118,968
2020,5,andaman,0.850938,0.737685,0.113253,1961
2020,6,overall,0.633243,0.621738,0.011505,14893
2020,6,upper_gulf,4.912457,4.631616,0.280841,609
2020,6,rayong,0.87286,0.795657,0.077204,425
2020,6,trat,1.025129,1.380522,-0.355393,341
2020,6,central_gulf,1.180631,1.239722,-0.059091,889
2020,6,lower_gulf,0.499815,0.484584,0.015231,957
2020,6,andaman,0.805428,0.759103,0.046325,1959
2020,7,overall,0.631846,0.626366,0.005481,15070
2020,7,upper_gulf,5.433068,4.75348,0.679587,610
2020,7,rayong,0.843683,0.887688,-0.044005,439
2020,7,trat,1.092304,1.509281,-0.416977,368
2020,7,central_gulf,1.204578,1.242944,-0.038366,922
2020,7,lower_gulf,0.533809,0.507499,0.02631,968
2020,7,andaman,0.711734,0.687158,0.024575,1957
2020,8,overall,0.639291,0.663503,-0.024212,15072
2020,8,upper_gulf,6.685177,6.020117,0.66506,610
2020,8,rayong,0.825535,0.89899,-0.073455,439
2020,8,trat,0.873435,1.41928,-0.545845,363
2020,8,central_gulf,1.025011,1.201969,-0.176958,924
2020,8,lower_gulf,0.479648,0.499945,-0.020298,968
2020,8,andaman,0.639408,0.648413,-0.009005,1961
2020,9,overall,0.472903,0.590366,-0.117463,14339
2020,9,upper_gulf,3.604983,5.738346,-2.133363,578
2020,9,rayong,0.811776,0.87049,-0.058713,433
2020,9,trat,1.316934,1.413068,-0.096134,362
2020,9,central_gulf,0.837402,0.940533,-0.103131,824
2020,9,lower_gulf,0.484961,0.485338,-0.000377,957
2020,9,andaman,0.443504,0.461895,-0.018391,1678
2020,10,overall,0.677214,0.616932,0.060282,14650
2020,10,upper_gulf,5.809753,5.088089,0.721665,609
2020,10,rayong,0.884904,0.76934,0.115565,439
2020,10,trat,1.398682,1.127222,0.27146,369
2020,10,central_gulf,1.100514,1.166122,-0.065608,924
2020,10,lower_gulf,0.550615,0.5334,0.017215,964
2020,10,andaman,0.653766,0.609038,0.044728,1911
2020,11,overall,0.578036,0.64936,-0.071323,14982
2020,11,upper_gulf,2.726697,3.851201,-1.124504,610
2020,11,rayong,0.707882,0.641974,0.065909,439
2020,11,trat,0.915346,0.924715,-0.009369,368
2020,11,central_gulf,1.606796,1.861538,-0.254741,927
2020,11,lower_gulf,0.865242,0.844514,0.020728,949
2020,11,andaman,0.580273,0.655862,-0.075588,1935
2020,12,overall,0.784256,0.801391,-0.017135,15085
2020,12,upper_gulf,2.041073,2.694348,-0.653275,610
2020,12,rayong,0.711528,0.647142,0.064387,439
2020,12,trat,0.990963,0.964626,0.026336,369
2020,12,central_gulf,2.282676,2.582869,-0.300193,928
2020,12,lower_gulf,1.473813,1.579909,-0.106095,968
2020,12,andaman,0.949796,0.828173,0.121623,1961
2021,1,overall,0.668291,0.738004,-0.069713,15087
2021,1,upper_gulf,1.736887,2.484409,-0.747522,610
2021,1,rayong,0.656025,0.617814,0.038212,439
2021,1,trat,0.913317,0.938369,-0.025052,369
2021,1,central_gulf,1.595615,1.997176,-0.401561,931
2021,1,lower_gulf,1.149627,1.096096,0.053531,968
2021,1,andaman,0.790219,0.92272,-0.132501,1961
2021,2,overall,0.562038,0.63755,-0.075512,15092
2021,2,upper_gulf,1.668513,2.270423,-0.60191,610
2021,2,rayong,0.592958,0.610526,-0.017568,439
2021,2,trat,0.926579,0.905838,0.020741,368
2021,2,central_gulf,1.323225,1.506095,-0.182869,935
2021,2,lower_gulf,0.776015,0.825341,-0.049326,968
2021,2,andaman,0.782053,0.90589,-0.123837,1961
2021,3,overall,0.482871,0.550946,-0.068075,15076
2021,3,upper_gulf,1.917355,2.626274,-0.708918,606
2021,3,rayong,0.593261,0.57085,0.022411,439
2021,3,trat,0.832473,0.87299,-0.040517,367
2021,3,central_gulf,1.126318,1.158291,-0.031973,927
2021,3,lower_gulf,0.697149,0.608081,0.089067,968
2021,3,andaman,0.626428,0.792594,-0.166167,1961
2021,4,overall,0.474636,0.518371,-0.043735,15062
2021,4,upper_gulf,2.606522,2.807332,-0.200809,605
2021,4,rayong,0.529999,0.579464,-0.049465,439
2021,4,trat,0.843177,0.868279,-0.025102,367
2021,4,central_gulf,1.086482,1.113566,-0.027085,927
2021,4,lower_gulf,0.470669,0.482801,-0.012132,968
2021,4,andaman,0.68842,0.821261,-0.132842,1951
2021,5,overall,0.602017,0.541793,0.060224,15071
2021,5,upper_gulf,5.522989,3.655781,1.867209,608
2021,5,rayong,0.606138,0.634052,-0.027914,439
2021,5,trat,1.120087,0.924971,0.195115,365
2021,5,central_gulf,1.163517,1.267514,-0.103997,921
2021,5,lower_gulf,0.528098,0.501028,0.02707,968
2021,5,andaman,0.653533,0.737146,-0.083613,1960
2021,6,overall,0.634765,0.626765,0.008,15074
2021,6,upper_gulf,5.508293,4.585438,0.922854,607
2021,6,rayong,0.747553,0.820741,-0.073188,439
2021,6,trat,1.287101,1.413444,-0.126343,364
2021,6,central_gulf,1.264693,1.277669,-0.012976,929
2021,6,lower_gulf,0.478992,0.497001,-0.018009,968
2021,6,andaman,0.715982,0.761009,-0.045026,1960
2021,7,overall,0.656402,0.624484,0.031918,15058
2021,7,upper_gulf,5.443321,4.753481,0.689839,610
2021,7,rayong,0.798814,0.887688,-0.088874,439
2021,7,trat,1.454466,1.489678,-0.035212,367
2021,7,central_gulf,1.326187,1.232329,0.093859,909
2021,7,lower_gulf,0.491326,0.507499,-0.016173,968
2021,7,andaman,0.714022,0.688479,0.025543,1959
2021,8,overall,0.64819,0.670381,-0.022191,14764
2021,8,upper_gulf,5.155459,5.980604,-0.825145,605
2021,8,rayong,0.648826,0.89899,-0.250164,439
2021,8,trat,1.355683,1.472751,-0.117068,366
2021,8,central_gulf,1.364563,1.201888,0.162675,922
2021,8,lower_gulf,0.495839,0.49709,-0.001251,966
2021,8,andaman,0.71672,0.642626,0.074093,1955
2021,9,overall,0.700434,0.64051,0.059924,15037
2021,9,upper_gulf,7.106962,5.838018,1.268944,607
2021,9,rayong,1.07408,0.865357,0.208723,439
2021,9,trat,1.918103,1.457837,0.460266,366
2021,9,central_gulf,1.162639,1.10462,0.058018,916
2021,9,lower_gulf,0.460539,0.49545,-0.034911,967
2021,9,andaman,0.618859,0.640075,-0.021216,1949
2021,10,overall,0.636723,0.599662,0.037061,14932
2021,10,upper_gulf,5.222483,5.087092,0.135391,610
2021,10,rayong,1.065749,0.76934,0.296409,439
2021,10,trat,1.518145,1.127223,0.390922,369
2021,10,central_gulf,1.222391,1.078864,0.143527,832
2021,10,lower_gulf,0.478184,0.529516,-0.051331,963
2021,10,andaman,0.64397,0.638301,0.005669,1943
2021,11,overall,0.75244,0.63528,0.117159,14658
2021,11,upper_gulf,4.641053,3.851201,0.789852,610
2021,11,rayong,0.644112,0.641974,0.002139,439
2021,11,trat,0.901476,0.932849,-0.031374,369
2021,11,central_gulf,2.790019,1.727896,1.062123,811
2021,11,lower_gulf,0.917045,0.858883,0.058163,968
2021,11,andaman,0.615448,0.690935,-0.075488,1919
2021,12,overall,0.852123,0.801473,0.050651,15093
2021,12,upper_gulf,2.699661,2.694348,0.005313,610
2021,12,rayong,0.680276,0.647142,0.033134,439
2021,12,trat,0.967108,0.964626,0.002481,369
2021,12,central_gulf,3.067605,2.573014,0.494591,934
2021,12,lower_gulf,2.395643,1.579909,0.815734,968
2021,12,andaman,0.68225,0.828173,-0.145924,1961
2022,1,overall,0.715426,0.740408,-0.024982,15094
2022,1,upper_gulf,2.513905,2.484409,0.029496,610
2022,1,rayong,0.584877,0.617814,-0.032937,439
2022,1,trat,0.976549,0.938369,0.038179,369
2022,1,central_gulf,2.158813,2.028263,0.13055,935
2022,1,lower_gulf,0.954106,1.096096,-0.14199,968
2022,1,andaman,0.787186,0.92272,-0.135533,1961
2022,2,overall,0.626078,0.633546,-0.007468,15055
2022,2,upper_gulf,2.478404,2.270423,0.207981,610
2022,2,rayong,0.643865,0.610526,0.033339,439
2022,2,trat,0.963642,0.905838,0.057804,368
2022,2,central_gulf,1.528321,1.490646,0.037676,913
2022,2,lower_gulf,0.74201,0.815343,-0.073332,965
2022,2,andaman,0.790568,0.898121,-0.107553,1958
2022,3,overall,0.60998,0.554262,0.055718,15086
2022,3,upper_gulf,3.512696,2.648913,0.863783,607
2022,3,rayong,0.639143,0.57085,0.068293,439
2022,3,trat,0.900417,0.844765,0.055653,367
2022,3,central_gulf,1.423982,1.199275,0.224707,935
2022,3,lower_gulf,0.715894,0.608081,0.107813,968
2022,3,andaman,0.796447,0.790644,0.005803,1960
2022,4,overall,0.519383,0.524538,-0.005155,15074
2022,4,upper_gulf,2.534458,2.856069,-0.321611,606
2022,4,rayong,0.511886,0.579464,-0.067578,439
2022,4,trat,0.763611,0.794344,-0.030733,364
2022,4,central_gulf,1.391261,1.154574,0.236687,932
2022,4,lower_gulf,0.569163,0.482801,0.086362,968
2022,4,andaman,0.784424,0.840592,-0.056168,1961
2022,5,overall,0.519288,0.5039,0.015388,14533
2022,5,upper_gulf,3.142514,3.456503,-0.313989,583
2022,5,rayong,0.671877,0.622869,0.049008,430
2022,5,trat,0.968166,0.995081,-0.026915,348
2022,5,central_gulf,1.078602,1.088915,-0.010313,818
2022,5,lower_gulf,0.517271,0.498809,0.018462,967
2022,5,andaman,0.753014,0.683678,0.069336,1897
2022,6,overall,0.584743,0.616381,-0.031637,14982
2022,6,upper_gulf,4.721855,4.568118,0.153737,606
2022,6,rayong,0.696383,0.820741,-0.124358,439
2022,6,trat,0.908176,1.361602,-0.453427,356
2022,6,central_gulf,1.047384,1.234376,-0.186992,918
2022,6,lower_gulf,0.472173,0.496333,-0.02416,967
2022,6,andaman,0.654136,0.731856,-0.077719,1937
2022,7,overall,0.576126,0.589254,-0.013128,14815
2022,7,upper_gulf,4.164496,4.349386,-0.184889,584
2022,7,rayong,0.820547,0.749052,0.071495,411
2022,7,trat,1.528268,1.331851,0.196417,337
2022,7,central_gulf,1.264671,1.224832,0.039839,925
2022,7,lower_gulf,0.429287,0.485579,-0.056291,956
2022,7,andaman,0.676876,0.677758,-0.000882,1956
2022,8,overall,0.7689,0.647952,0.120948,15033
2022,8,upper_gulf,8.388096,5.858441,2.529655,601
2022,8,rayong,0.961712,0.89899,0.062722,439
2022,8,trat,1.736868,1.407699,0.329169,362
2022,8,central_gulf,1.560146,1.191732,0.368414,920
2022,8,lower_gulf,0.515128,0.499945,0.015183,968
2022,8,andaman,0.577399,0.643478,-0.066079,1957
2022,9,overall,0.654124,0.627509,0.026616,14786
2022,9,upper_gulf,6.772418,5.800824,0.971595,605
2022,9,rayong,0.975258,0.865357,0.1099,439
2022,9,trat,1.512308,1.403298,0.10901,365
2022,9,central_gulf,1.116673,1.036518,0.080155,870
2022,9,lower_gulf,0.494593,0.493718,0.000875,964
2022,9,andaman,0.519933,0.64908,-0.129147,1840
2022,10,overall,0.703072,0.64179,0.061283,13436
2022,10,upper_gulf,5.358144,5.088089,0.270055,609
2022,10,rayong,0.995683,0.76934,0.226343,439
2022,10,trat,1.339162,1.121693,0.21747,368
2022,10,central_gulf,1.537013,1.184057,0.352955,880
2022,10,lower_gulf,0.506255,0.486993,0.019262,944
2022,10,andaman,0.583953,0.598285,-0.014331,1871
2022,11,overall,0.725154,0.657169,0.067985,15083
2022,11,upper_gulf,4.037461,3.853136,0.184326,609
2022,11,rayong,0.695897,0.641974,0.053923,439
2022,11,trat,0.975194,0.918219,0.056975,367
2022,11,central_gulf,2.349057,1.904198,0.444859,935
2022,11,lower_gulf,1.323482,0.858883,0.4646,968
2022,11,andaman,0.626256,0.706128,-0.079872,1960
2022,12,overall,0.880716,0.795828,0.084888,15061
2022,12,upper_gulf,3.170024,2.694348,0.475675,610
2022,12,rayong,0.64854,0.647142,0.001398,439
2022,12,trat,1.039676,0.964626,0.075049,369
2022,12,central_gulf,2.597016,2.541518,0.055498,928
2022,12,lower_gulf,1.985293,1.562119,0.423175,948
2022,12,andaman,0.855592,0.828173,0.027419,1961
2023,1,overall,0.830642,0.739947,0.090695,15093
2023,1,upper_gulf,2.694661,2.484409,0.210252,610
2023,1,rayong,0.609627,0.617814,-0.008187,439
2023,1,trat,0.907394,0.938369,-0.030976,369
2023,1,central_gulf,2.903947,2.028263,0.875684,935
2023,1,lower_gulf,1.866829,1.096096,0.770733,968
2023,1,andaman,0.718732,0.92272,-0.203987,1961
2023,2,overall,0.716801,0.633624,0.083177,15063
2023,2,upper_gulf,1.847192,2.269868,-0.422676,609
2023,2,rayong,0.59695,0.609476,-0.012525,438
2023,2,trat,0.792141,0.882299,-0.090159,367
2023,2,central_gulf,2.417441,1.495568,0.921873,933
2023,2,lower_gulf,1.056942,0.823322,0.233619,967
2023,2,andaman,1.017443,0.90589,0.111553,1961
2023,3,overall,0.579292,0.552143,0.027149,15082
2023,3,upper_gulf,1.901719,2.628452,-0.726734,608
2023,3,rayong,0.548446,0.57085,-0.022404,439
2023,3,trat,0.757221,0.835133,-0.077913,365
2023,3,central_gulf,1.296062,1.199275,0.096787,935
2023,3,lower_gulf,0.584886,0.608081,-0.023195,968
2023,3,andaman,0.919326,0.789818,0.129508,1960
2023,4,overall,0.4617,0.505127,-0.043428,15006
2023,4,upper_gulf,1.669138,2.540225,-0.871087,590
2023,4,rayong,0.50624,0.536268,-0.030029,430
2023,4,trat,0.750762,0.78346,-0.032697,354
2023,4,central_gulf,1.100619,1.113314,-0.012696,928
2023,4,lower_gulf,0.424022,0.482801,-0.058779,968
2023,4,andaman,0.734373,0.839053,-0.10468,1960
2023,5,overall,0.495124,0.538282,-0.043158,15061
2023,5,upper_gulf,2.606999,3.59914,-0.992141,607
2023,5,rayong,0.690424,0.634052,0.056372,439
2023,5,trat,0.915042,0.887381,0.027661,356
2023,5,central_gulf,1.178123,1.261302,-0.083179,930
2023,5,lower_gulf,0.514816,0.501028,0.013788,968
2023,5,andaman,0.744294,0.735203,0.00909,1959
2023,6,overall,0.595664,0.629611,-0.033947,15067
2023,6,upper_gulf,3.529953,4.663155,-1.133202,609
2023,6,rayong,0.788982,0.820741,-0.031759,439
2023,6,trat,1.471643,1.468184,0.003458,365
2023,6,central_gulf,1.467207,1.255123,0.212084,921
2023,6,lower_gulf,0.445359,0.497001,-0.051641,968
2023,6,andaman,0.719929,0.761009,-0.04108,1960
2023,7,overall,0.587941,0.599162,-0.011221,14588
2023,7,upper_gulf,4.287763,4.623539,-0.335776,601
2023,7,rayong,0.826735,0.802432,0.024303,426
2023,7,trat,1.780302,1.461773,0.318529,364
2023,7,central_gulf,1.098704,1.117734,-0.019029,859
2023,7,lower_gulf,0.485127,0.505707,-0.02058,967
2023,7,andaman,0.687053,0.673379,0.013674,1946
2023,8,overall,0.616797,0.65087,-0.034073,15000
2023,8,upper_gulf,4.716619,6.024412,-1.307792,605
2023,8,rayong,0.884977,0.893773,-0.008796,438
2023,8,trat,1.594214,1.317733,0.276481,347
2023,8,central_gulf,1.334194,1.184228,0.149966,920
2023,8,lower_gulf,0.488065,0.499945,-0.011881,968
2023,8,andaman,0.585996,0.63904,-0.053044,1953
2023,9,overall,0.637528,0.621209,0.016319,14363
2023,9,upper_gulf,5.81978,5.842925,-0.023144,601
2023,9,rayong,0.965677,0.814892,0.150785,415
2023,9,trat,1.294261,1.213489,0.080772,294
2023,9,central_gulf,0.989758,0.881656,0.108102,767
2023,9,lower_gulf,0.419594,0.482046,-0.062452,959
2023,9,andaman,0.685989,0.655553,0.030436,1955
2023,10,overall,0.599088,0.617357,-0.018269,15080
2023,10,upper_gulf,4.138121,5.085075,-0.946954,603
2023,10,rayong,0.883401,0.76934,0.114061,439
2023,10,trat,1.376197,1.121755,0.254442,367
2023,10,central_gulf,1.242215,1.225079,0.017136,934
2023,10,lower_gulf,0.495202,0.53966,-0.044458,968
2023,10,andaman,0.608403,0.653415,-0.045012,1960
2023,11,overall,0.680332,0.646198,0.034134,14925
2023,11,upper_gulf,4.994028,3.851201,1.142827,610
2023,11,rayong,0.588211,0.641974,-0.053763,439
2023,11,trat,0.95326,0.932849,0.020411,369
2023,11,central_gulf,1.803586,1.860916,-0.057329,898
2023,11,lower_gulf,0.670493,0.819497,-0.149004,926
2023,11,andaman,0.653246,0.683198,-0.029952,1941
2023,12,overall,0.836817,0.799447,0.03737,15089
2023,12,upper_gulf,2.233209,2.694348,-0.461139,610
2023,12,rayong,0.597786,0.647142,-0.049355,439
2023,12,trat,0.962525,0.964626,-0.002101,369
2023,12,central_gulf,2.934621,2.555057,0.379564,932
2023,12,lower_gulf,1.614426,1.579909,0.034517,968
2023,12,andaman,0.892799,0.826186,0.066612,1960
2024,1,overall,0.823752,0.737737,0.086015,15071
2024,1,upper_gulf,2.28235,2.484409,-0.20206,610
2024,1,rayong,0.532554,0.617814,-0.08526,439
2024,1,trat,0.866898,0.938369,-0.071471,369
2024,1,central_gulf,1.770627,1.99667,-0.226043,926
2024,1,lower_gulf,1.222857,1.092333,0.130524,967
2024,1,andaman,1.438357,0.92272,0.515637,1961
2024,2,overall,0.698204,0.636141,0.062064,15091
2024,2,upper_gulf,2.846197,2.242606,0.603591,608
2024,2,rayong,0.619469,0.610526,0.008943,439
2024,2,trat,0.906863,0.89778,0.009083,368
2024,2,central_gulf,1.51427,1.506095,0.008176,935
2024,2,lower_gulf,0.755376,0.825341,-0.069965,968
2024,2,andaman,1.038191,0.90589,0.132301,1961
2024,3,overall,0.598181,0.546827,0.051354,15068
2024,3,upper_gulf,2.831452,2.558635,0.272817,600
2024,3,rayong,0.682183,0.57085,0.111333,439
2024,3,trat,0.907662,0.836472,0.07119,364
2024,3,central_gulf,1.225084,1.17603,0.049054,931
2024,3,lower_gulf,0.609599,0.608081,0.001518,968
2024,3,andaman,0.99732,0.789992,0.207328,1959
2024,4,overall,0.561375,0.517817,0.043558,15072
2024,4,upper_gulf,2.265199,2.73238,-0.467181,600
2024,4,rayong,0.644794,0.579464,0.06533,439
2024,4,trat,0.89147,0.858327,0.033144,366
2024,4,central_gulf,1.123464,1.113314,0.01015,928
2024,4,lower_gulf,0.458157,0.482801,-0.024644,968
2024,4,andaman,1.139199,0.839053,0.300146,1960
2024,5,overall,0.514163,0.530067,-0.015904,14914
2024,5,upper_gulf,2.472551,3.553422,-1.080871,604
2024,5,rayong,0.717687,0.6013,0.116387,413
2024,5,trat,1.033572,0.989877,0.043695,363
2024,5,central_gulf,1.522848,1.247979,0.274869,854
2024,5,lower_gulf,0.501973,0.501028,0.000945,968
2024,5,andaman,0.765338,0.716053,0.049285,1952
2024,6,overall,0.659007,0.609254,0.049753,14980
2024,6,upper_gulf,5.005989,4.495341,0.510649,600
2024,6,rayong,0.920575,0.820741,0.099835,439
2024,6,trat,1.711351,1.355787,0.355564,346
2024,6,central_gulf,1.159765,1.178087,-0.018323,883
2024,6,lower_gulf,0.551332,0.497001,0.054331,968
2024,6,andaman,0.78834,0.756349,0.031992,1958
2024,7,overall,0.638452,0.55834,0.080111,13737
2024,7,upper_gulf,5.408917,3.979657,1.42926,507
2024,7,rayong,0.899115,0.884884,0.014232,388
2024,7,trat,1.871964,1.473313,0.398651,344
2024,7,central_gulf,1.00139,1.067688,-0.066297,763
2024,7,lower_gulf,0.643599,0.50452,0.13908,965
2024,7,andaman,0.672021,0.641902,0.030119,1922
2024,8,overall,0.820202,0.656011,0.164191,15062
2024,8,upper_gulf,9.89518,5.891099,4.004081,605
2024,8,rayong,1.393126,0.893772,0.499354,438
2024,8,trat,1.357796,1.380835,-0.023039,361
2024,8,central_gulf,1.030373,1.217279,-0.186907,926
2024,8,lower_gulf,0.531657,0.499945,0.031711,968
2024,8,andaman,0.710588,0.642839,0.067748,1956
2024,9,overall,0.663291,0.636587,0.026704,14691
2024,9,upper_gulf,6.063907,5.859453,0.204454,600
2024,9,rayong,0.807847,0.821205,-0.013358,372
2024,9,trat,1.678646,1.298224,0.380423,304
2024,9,central_gulf,0.968621,1.11136,-0.142739,896
2024,9,lower_gulf,0.513251,0.496153,0.017098,968
2024,9,andaman,0.781188,0.65299,0.128198,1951
2024,10,overall,0.647,0.617593,0.029407,15075
2024,10,upper_gulf,5.195953,5.069502,0.126451,609
2024,10,rayong,0.753271,0.76934,-0.016069,439
2024,10,trat,1.103739,1.121755,-0.018016,367
2024,10,central_gulf,1.2945,1.219979,0.074521,933
2024,10,lower_gulf,0.608553,0.53966,0.068893,968
2024,10,andaman,0.689473,0.648879,0.040594,1959
2024,11,overall,0.613067,0.656839,-0.043772,15086
2024,11,upper_gulf,3.509571,3.851201,-0.34163,610
2024,11,rayong,0.71949,0.641974,0.077516,439
2024,11,trat,1.019493,0.932849,0.086644,369
2024,11,central_gulf,1.824587,1.904198,-0.07961,935
2024,11,lower_gulf,0.71212,0.858883,-0.146763,968
2024,11,andaman,0.584014,0.696581,-0.112567,1956
2024,12,overall,0.844044,0.791443,0.052602,14985
2024,12,upper_gulf,2.254525,2.694348,-0.439824,610
2024,12,rayong,0.821341,0.647142,0.174199,439
2024,12,trat,1.051406,0.964626,0.086779,369
2024,12,central_gulf,3.121742,2.442112,0.67963,910
2024,12,lower_gulf,1.897179,1.625744,0.271435,929
2024,12,andaman,0.7257,0.828173,-0.102473,1961
2025,1,overall,0.728283,0.732137,-0.003854,15070
2025,1,upper_gulf,2.043623,2.484409,-0.440786,610
2025,1,rayong,0.746912,0.617814,0.129098,439
2025,1,trat,0.916588,0.93674,-0.020152,368
2025,1,central_gulf,2.318311,1.922463,0.395848,916
2025,1,lower_gulf,1.099041,1.096159,0.002881,965
2025,1,andaman,0.79506,0.922062,-0.127001,1960
2025,2,overall,0.65944,0.634651,0.024789,15082
2025,2,upper_gulf,1.880251,2.254212,-0.373961,609
2025,2,rayong,0.616271,0.603977,0.012294,437
2025,2,trat,0.87597,0.85786,0.018109,364
2025,2,central_gulf,1.880323,1.506095,0.374228,935
2025,2,lower_gulf,0.992271,0.825341,0.166931,968
2025,2,andaman,0.868854,0.90589,-0.037036,1961
2025,3,overall,0.576779,0.551216,0.025563,15079
2025,3,upper_gulf,1.955394,2.651004,-0.69561,609
2025,3,rayong,0.53166,0.567875,-0.036214,438
2025,3,trat,0.971376,0.844765,0.126611,367
2025,3,central_gulf,1.739078,1.158143,0.580935,928
2025,3,lower_gulf,0.698701,0.608081,0.09062,968
2025,3,andaman,0.717738,0.790644,-0.072906,1960
2025,4,overall,0.545077,0.524595,0.020483,15073
2025,4,upper_gulf,3.668878,2.883288,0.78559,608
2025,4,rayong,0.511212,0.576428,-0.065217,438
2025,4,trat,0.797425,0.855227,-0.057802,365
2025,4,central_gulf,1.097816,1.140915,-0.043099,928
2025,4,lower_gulf,0.45346,0.482801,-0.029341,968
2025,4,andaman,0.77061,0.839053,-0.068443,1960
2025,5,overall,0.591287,0.518024,0.073262,14577
2025,5,upper_gulf,5.452635,3.483096,1.969539,596
2025,5,rayong,0.628436,0.582748,0.045688,431
2025,5,trat,0.890648,0.879049,0.011599,350
2025,5,central_gulf,1.162531,1.238973,-0.076442,896
2025,5,lower_gulf,0.514807,0.501028,0.013779,968
2025,5,andaman,0.624682,0.684598,-0.059915,1928
2025,6,overall,0.658041,0.580529,0.077511,14248
2025,6,upper_gulf,7.024669,4.661907,2.362763,564
2025,6,rayong,0.811256,0.677617,0.133639,344
2025,6,trat,1.142049,1.054426,0.087623,255
2025,6,central_gulf,1.261663,1.108819,0.152844,852
2025,6,lower_gulf,0.522212,0.49265,0.029562,964
2025,6,andaman,0.510156,0.708018,-0.197862,1916
2025,7,overall,0.573288,0.530386,0.042902,14726
2025,7,upper_gulf,3.624347,3.704805,-0.080458,468
2025,7,rayong,0.779499,0.810464,-0.030965,429
2025,7,trat,1.756857,1.295817,0.46104,330
2025,7,central_gulf,1.316866,1.147006,0.16986,891
2025,7,lower_gulf,0.509831,0.507499,0.002332,968
2025,7,andaman,0.597596,0.675006,-0.077411,1950
2025,8,overall,0.702665,0.640101,0.062564,14989
2025,8,upper_gulf,6.781113,5.850296,0.930817,601
2025,8,rayong,0.708046,0.81538,-0.107334,431
2025,8,trat,1.54496,1.451665,0.093295,357
2025,8,central_gulf,1.139608,1.159156,-0.019548,914
2025,8,lower_gulf,0.494172,0.499945,-0.005774,968
2025,8,andaman,0.63458,0.631519,0.003061,1948
2025,9,overall,0.658136,0.631688,0.026448,14864
2025,9,upper_gulf,5.540622,5.825698,-0.285077,596
2025,9,rayong,0.928245,0.839345,0.0889,438
2025,9,trat,1.301319,1.370487,-0.069169,303
2025,9,central_gulf,1.32134,1.118147,0.203193,921
2025,9,lower_gulf,0.504096,0.496153,0.007943,968
2025,9,andaman,0.595751,0.655841,-0.06009,1947
2025,10,overall,0.734246,0.612012,0.122235,15057
2025,10,upper_gulf,6.512258,5.029798,1.482461,606
2025,10,rayong,0.904476,0.743552,0.160923,436
2025,10,trat,1.681054,1.09063,0.590424,363
2025,10,central_gulf,1.423521,1.196372,0.227148,923
2025,10,lower_gulf,0.573843,0.53966,0.034183,968
2025,10,andaman,0.701794,0.647952,0.053841,1958
2025,11,overall,0.882621,0.654407,0.228214,15079
2025,11,upper_gulf,5.091692,3.851201,1.240492,610
2025,11,rayong,0.945958,0.641973,0.303985,439
2025,11,trat,1.416487,0.932849,0.483637,369
2025,11,central_gulf,3.081758,1.821653,1.260105,926
2025,11,lower_gulf,1.14923,0.858883,0.290347,968
2025,11,andaman,0.785766,0.70462,0.081146,1958
2025,12,overall,0.952394,0.801473,0.150921,15093
2025,12,upper_gulf,3.658188,2.694348,0.963839,610
2025,12,rayong,0.626204,0.647142,-0.020937,439
2025,12,trat,0.970934,0.964626,0.006307,369
2025,12,central_gulf,3.285679,2.573014,0.712665,934
2025,12,lower_gulf,2.463135,1.579909,0.883226,968
2025,12,andaman,0.670882,0.828173,-0.157291,1961
2026,1,overall,0.839244,0.740537,0.098707,15094
2026,1,upper_gulf,3.092834,2.484409,0.608425,610
2026,1,rayong,0.63145,0.617814,0.013636,439
2026,1,trat,1.044533,0.938369,0.106164,369
2026,1,central_gulf,3.108045,2.028263,1.079782,935
2026,1,lower_gulf,1.334227,1.096096,0.23813,968
2026,1,andaman,0.780337,0.923407,-0.143071,1962
2026,2,overall,0.744427,0.635671,0.108756,15080
2026,2,upper_gulf,3.42804,2.250393,1.177647,605
2026,2,rayong,0.548532,0.606945,-0.058412,438
2026,2,trat,1.022369,0.909078,0.113292,369
2026,2,central_gulf,1.990838,1.507296,0.483541,933
2026,2,lower_gulf,0.843047,0.825341,0.017706,968
2026,2,andaman,0.774343,0.905068,-0.130725,1961
2026,3,overall,0.621082,0.556453,0.064629,15093
2026,3,upper_gulf,3.595094,2.663956,0.931138,610
2026,3,rayong,0.629593,0.57085,0.058743,439
2026,3,trat,1.022392,0.875654,0.146738,369
2026,3,central_gulf,1.454044,1.199275,0.254768,935
2026,3,lower_gulf,0.63218,0.608081,0.024098,968
2026,3,andaman,0.697677,0.791442,-0.093765,1961
2026,4,overall,0.52494,0.529039,-0.004099,15089
2026,4,upper_gulf,2.722804,2.906974,-0.18417,610
2026,4,rayong,0.71952,0.579464,0.140056,439
2026,4,trat,1.045853,0.862138,0.183715,366
2026,4,central_gulf,1.256507,1.14455,0.111957,932
2026,4,lower_gulf,0.490644,0.482801,0.007843,968
2026,4,andaman,0.674588,0.84143,-0.166842,1962
2026,5,overall,0.56696,0.528143,0.038817,14873
2026,5,upper_gulf,3.473527,3.668708,-0.19518,609
2026,5,rayong,0.737021,0.621285,0.115736,436
2026,5,trat,1.460916,1.021009,0.439907,366
2026,5,central_gulf,1.285974,1.199396,0.086578,887
2026,5,lower_gulf,0.592269,0.496482,0.095786,962
2026,5,andaman,0.623645,0.69035,-0.066705,1909
2026,6,overall,0.625889,0.631073,-0.005183,15070
2026,6,upper_gulf,4.116981,4.652152,-0.535171,609
2026,6,rayong,0.825306,0.820741,0.004565,439
2026,6,trat,1.462904,1.48597,-0.023066,368
2026,6,central_gulf,1.302768,1.281823,0.020945,919
2026,6,lower_gulf,0.553416,0.497001,0.056416,968
2026,6,andaman,0.788296,0.759867,0.028429,1960
2026,7,overall,0.602676,0.614681,-0.012005,15049
2026,7,upper_gulf,3.647103,4.676551,-1.029448,604
2026,7,rayong,0.961522,0.8843,0.077222,438
2026,7,trat,2.788453,1.464463,1.32399,365
2026,7,central_gulf,1.16017,1.210525,-0.050355,921
2026,7,lower_gulf,0.493443,0.503616,-0.010173,965
2026,7,andaman,0.616184,0.682378,-0.066193,1954
2026,8,overall,0.574133,0.569959,0.004174,14435
2026,8,upper_gulf,3.841351,5.38334,-1.541988,543
2026,8,rayong,0.81497,0.662719,0.152252,274
2026,8,trat,0.993486,0.779841,0.213645,167
2026,8,central_gulf,1.27169,1.075654,0.196036,887
2026,8,lower_gulf,0.531147,0.4982,0.032948,965
2026,8,andaman,0.593243,0.613516,-0.020272,1938
