year,zone,anomaly_mean_of_months,months,yearly_anomaly_product
2018,overall,-0.048691,12,-0.05017
2018,upper_gulf,-0.24423,12,-0.226314
2018,rayong,-0.049143,12,-0.056511
2018,trat,-0.168623,12,-0.171289
2018,central_gulf,-0.175894,12,-0.185031
2018,lower_gulf,-0.100273,12,-0.101435
2018,andaman,-0.048186,12,-0.048819
2019,overall,-0.052216,12,-0.053504
2019,upper_gulf,-0.655924,12,-0.659397
2019,rayong,-0.063029,12,-0.066429
2019,trat,0.034849,12,0.026367
2019,central_gulf,-0.174339,12,-0.173786
2019,lower_gulf,-0.082397,12,-0.08317
2019,andaman,-0.007472,12,-0.007467
2020,overall,-0.003072,12,-0.002717
2020,upper_gulf,-0.08657,12,-0.063755
2020,rayong,0.018347,12,0.017983
2020,trat,-0.088376,12,-0.085615
2020,central_gulf,-0.16798,12,-0.175092
2020,lower_gulf,-0.020931,12,-0.021392
2020,andaman,0.070968,12,0.071728
2021,overall,0.007143,12,0.006817
2021,upper_gulf,0.216258,12,0.216829
2021,rayong,0.007821,12,0.007821
2021,trat,0.055738,12,0.055654
2021,central_gulf,0.104528,12,0.089782
2021,lower_gulf,0.071703,12,0.071729
2021,andaman,-0.068442,12,-0.068659
2022,overall,0.029205,12,0.028673
2022,upper_gulf,0.405484,12,0.408615
2022,rayong,0.037629,12,0.038088
2022,trat,0.052054,12,0.05175
2022,central_gulf,0.147836,12,0.144688
2022,lower_gulf,0.069997,12,0.069844
2022,andaman,-0.047061,12,-0.047008
2023,overall,0.008729,12,0.010204
2023,upper_gulf,-0.488964,12,-0.490249
2023,rayong,0.010725,12,0.009031
2023,trat,0.062326,12,0.062882
2023,central_gulf,0.215747,12,0.22903
2023,lower_gulf,0.052556,12,0.054836
2023,andaman,-0.00974,12,-0.010143
2024,overall,0.04884,12,0.04925
2024,upper_gulf,0.384978,12,0.368724
2024,rayong,0.087703,12,0.089912
2024,trat,0.112721,12,0.108041
2024,central_gulf,0.031373,12,0.034985
2024,lower_gulf,0.039514,12,0.038621
2024,andaman,0.107359,12,0.107085
2025,overall,0.07092,12,0.073721
2025,upper_gulf,0.654967,12,0.67075
2025,rayong,0.051155,12,0.047896
2025,trat,0.144294,12,0.148872
2025,central_gulf,0.328145,12,0.337306
2025,lower_gulf,0.123891,12,0.124181
2025,andaman,-0.059992,12,-0.06012
2026,overall,0.036724,8,
2026,upper_gulf,-0.096094,8,
2026,rayong,0.062975,8,
2026,trat,0.313048,8,
2026,central_gulf,0.272907,8,
2026,lower_gulf,0.057844,8,
2026,andaman,-0.082393,8,
