year,month,sst,points
1982,1,27.902962730974007,103
1982,2,28.084705270457697,103
1982,3,29.11216097713749,103
1982,4,29.657747572815534,103
1982,5,30.064259317256496,103
1982,6,29.818080906148865,103
1982,7,29.078020670216095,103
1982,8,29.402424052615096,103
1982,9,28.91053074433657,103
1982,10,29.122884434700907,103
1982,11,29.226592233009708,103
1982,12,28.543717507046665,103
1983,1,28.10995302223614,103
1983,2,27.995929264909847,103
1983,3,28.812690259943626,103
1983,4,29.546660194174756,103
1983,5,30.16866583150642,103
1983,6,29.962278317152105,103
1983,7,29.435828374569372,103
1983,8,29.275753210147197,103
1983,9,29.708378640776697,103
1983,10,28.41216097713749,103
1983,11,28.622103559870553,103
1983,12,27.39713122455371,103
1984,1,27.34944566238647,103
1984,2,27.7985369936391,103
1984,3,28.581691199498902,103
1984,4,29.417375404530745,103
1984,5,29.82614155966176,103
1984,6,29.276521035598705,103
1984,7,29.10302223614156,103
1984,8,28.442925148762917,103
1984,9,28.521220064724922,103
1984,10,28.67668023802067,103
1984,11,28.827300970873786,103
1984,12,28.216392107735672,103
1985,1,27.89951143125587,103
1985,2,28.373880027739254,103
1985,3,28.718518634512996,103
1985,4,29.562611650485437,103
1985,5,29.510939555277165,103
1985,6,29.30133009708738,103
1985,7,28.803855308487318,103
1985,8,28.84715314751018,103
1985,9,28.341420711974113,103
1985,10,28.294725963044158,103
1985,11,28.220679611650482,103
1985,12,28.154635139367365,103
1986,1,27.253238333855307,103
1986,2,27.501719833564497,103
1986,3,27.859166927654247,103
1986,4,29.244915857605175,103
1986,5,29.371237081114938,103
1986,6,29.32285436893204,103
1986,7,29.047804572502347,103
1986,8,28.510717193861574,103
1986,9,28.23957928802589,103
1986,10,28.048164735358593,103
1986,11,28.54464077669903,103
1986,12,27.816580018791104,103
1987,1,27.462768556216723,103
1987,2,27.862125520110954,103
1987,3,28.829079235828374,103
1987,4,29.39069902912621,103
1987,5,29.729145004697777,103
1987,6,30.051210355987056,103
1987,7,29.772060757907923,103
1987,8,29.43818979016599,103
1987,9,29.369482200647248,103
1987,10,29.436357657375506,103
1987,11,29.25760517799353,103
1987,12,28.504732226746007,103
1988,1,28.250598183526463,103
1988,2,28.86964178105122,103
1988,3,29.48953961791419,103
1988,4,29.992323624595468,103
1988,5,29.9554525524585,103
1988,6,29.84843042071197,103
1988,7,29.590848731600378,103
1988,8,29.296564359536482,103
1988,9,29.223139158576053,103
1988,10,28.6340369558409,103
1988,11,27.865867313915857,103
1988,12,27.060673347948637,103
1989,1,27.53573128719073,103
1989,2,27.97830790568655,103
1989,3,28.690930159724395,103
1989,4,29.464938511326864,103
1989,5,29.592730974005637,103
1989,6,29.451757281553395,103
1989,7,29.042151581584715,103
1989,8,28.90254932665205,103
1989,9,28.858300970873785,103
1989,10,28.60823363607892,103
1989,11,28.61593203883495,103
1989,12,27.91936423426245,103
1990,1,28.1377983088005,103
1990,2,28.296868932038834,103
1990,3,29.06518321327905,103
1990,4,29.971,103
1990,5,30.125828374569373,103
1990,6,29.53995145631068,103
1990,7,29.189996868149077,103
1990,8,28.87345756341998,103
1990,9,28.886974110032362,103
1990,10,28.509780770435327,103
1990,11,28.433582524271845,103
1990,12,27.77532414657062,103
1991,1,28.210388349514563,103
1991,2,28.691272538141472,103
1991,3,28.83253366739743,103
1991,4,29.435854368932038,103
1991,5,30.49003445036016,103
1991,6,30.315783171521037,103
1991,7,29.689664891951146,103
1991,8,29.67320701534607,103
1991,9,29.025757281553396,103
1991,10,28.659642968994678,103
1991,11,28.478598705501618,103
1991,12,28.30047290948951,103
1992,1,27.842846852489824,103
1992,2,27.994378975560764,103
1992,3,28.889765111180708,103
1992,4,29.710349514563106,103
1992,5,30.634281240212964,103
1992,6,30.026197411003235,103
1992,7,29.62695270905105,103
1992,8,28.903551518947697,103
1992,9,28.631660194174756,103
1992,10,28.686242718446604,103
1992,11,27.84787055016181,103
1992,12,27.312876213592233,103
1993,1,27.663540453074432,103
1993,2,27.66528432732316,103
1993,3,28.239611650485436,103
1993,4,29.369469255663432,103
1993,5,29.91007766990291,103
1993,6,29.92727508090615,103
1993,7,29.451605177993528,103
1993,8,29.068410194174756,103
1993,9,28.998628640776698,103
1993,10,28.658244336569577,103
1993,11,28.64823300970874,103
1993,12,28.170476610767874,103
1994,1,27.945501618122975,103
1994,2,28.75695145631068,103
1994,3,28.37782877316858,103
1994,4,29.406296809986127,103
1994,5,29.114187702265372,103
1994,6,28.980343042071194,103
1994,7,28.69159223300971,103
1994,8,28.86383495145631,103
1994,9,28.056796116504856,103
1994,10,28.50449838187702,103
1994,11,27.891859596713964,103
1994,12,28.483307443365696,103
1995,1,28.08098381877023,103
1995,2,28.289549237170597,103
1995,3,28.47442718446602,103
1995,4,29.81744336569579,103
1995,5,29.624705501618124,103
1995,6,30.023417475728156,103
1995,7,29.75301577669903,103
1995,8,28.94801941747573,103
1995,9,28.463462783171522,103
1995,10,28.354213592233013,103
1995,11,28.064119278779472,103
1995,12,27.779454817027634,103
1996,1,27.275663430420714,103
1996,2,27.361116504854373,103
1996,3,28.082097087378642,103
1996,4,29.324511326860843,103
1996,5,29.528265372168285,103
1996,6,29.892304207119743,103
1996,7,29.505961165048543,103
1996,8,29.065084951456313,103
1996,9,28.421462783171524,103
1996,10,28.421353155339805,103
1996,11,27.983987055016183,103
1996,12,27.543177993527507,103
1997,1,27.481304611650486,103
1997,2,28.286227461858527,103
1997,3,29.122265372168286,103
1997,4,29.6470355987055,103
1997,5,30.08229126213592,103
1997,6,29.985819174757278,103
1997,7,29.10169579288026,103
1997,8,28.947803398058255,103
1997,9,29.1464142394822,103
1997,10,29.32633009708738,103
1997,11,28.790380881254666,103
1997,12,28.659258605472196,103
1998,1,28.699453883495146,103
1998,2,29.17144822006473,103
1998,3,29.773367718446604,103
1998,4,30.358233009708737,103
1998,5,30.940906148867313,103
1998,6,30.283546925566345,103
1998,7,29.622155339805825,103
1998,8,29.708014406514252,103
1998,9,29.349621359223303,103
1998,10,29.026580018791105,103
1998,11,28.280378640776696,103
1998,12,27.96785155026621,103
1999,1,27.793185092389603,103
1999,2,28.046816920943137,103
1999,3,28.963986846226117,103
1999,4,29.264330097087377,103
1999,5,29.255912934544316,103
1999,6,28.855067961165048,103
1999,7,28.858709677419355,103
1999,8,29.036172878170998,103
1999,9,28.740294498381875,103
1999,10,28.593564046351393,103
1999,11,28.2008284789644,103
1999,12,27.45599123081741,103
2000,1,27.57003131850924,103
2000,2,27.696561767659862,103
2000,3,28.98360162856248,103
2000,4,29.110326860841425,103
2000,5,29.626248042593172,103
2000,6,28.716776699029126,103
2000,7,29.19838396492327,103
2000,8,28.7655308487316,103
2000,9,28.929197411003237,103
2000,10,28.770876918258693,103
2000,11,28.227679611650483,103
2000,12,27.97843094268713,103
2001,1,27.587741935483873,103
2001,2,28.609403606102635,103
2001,3,28.709182586908863,103
2001,4,29.744184466019416,103
2001,5,29.913639210773567,103
2001,6,29.558310679611647,103
2001,7,28.974985906670845,103
2001,8,28.969248355778266,103
2001,9,28.894618122977345,103
2001,10,28.649968681490762,103
2001,11,28.216113268608414,103
2001,12,28.388017538365176,103
2002,1,27.669123081741308,103
2002,2,27.75726768377254,103
2002,3,28.23400563733166,103
2002,4,29.542113268608414,103
2002,5,29.858484184152836,103
2002,6,29.528899676375406,103
2002,7,29.651490761039778,103
2002,8,29.041844660194176,103
2002,9,28.71673139158576,103
2002,10,28.827673034763542,103
2002,11,28.621184466019418,103
2002,12,28.86475101785155,103
2003,1,28.524904478546823,103
2003,2,28.612239944521498,103
2003,3,29.185499530222362,103
2003,4,30.396582524271846,103
2003,5,30.18251800814281,103
2003,6,29.573333333333334,103
2003,7,29.14492013780144,103
2003,8,29.0239054181021,103
2003,9,28.74318770226537,103
2003,10,28.411587848418414,103
2003,11,28.670197411003237,103
2003,12,27.897409959285937,103
2004,1,27.605765737550893,103
2004,2,27.80868095078674,103
2004,3,28.65839336047604,103
2004,4,30.314702265372166,103
2004,5,30.15156592546195,103
2004,6,29.398825242718445,103
2004,7,29.16123081741309,103
2004,8,28.952846852489824,103
2004,9,29.13681553398058,103
2004,10,28.53080175383652,103
2004,11,28.896611650485436,103
2004,12,27.970444722831196,103
2005,1,27.62546821171312,103
2005,2,28.41388696255201,103
2005,3,28.662029439398683,103
2005,4,29.744352750809064,103
2005,5,30.095067334794866,103
2005,6,29.617071197411004,103
2005,7,29.252352020043844,103
2005,8,29.406839962417788,103
2005,9,29.059637540453075,103
2005,10,28.96177575947385,103
2005,11,28.915915857605174,103
2005,12,27.703620419668024,103
2006,1,27.782593172564987,103
2006,2,28.177985436893202,103
2006,3,28.801343564046352,103
2006,4,30.015576051779938,103
2006,5,30.278825555903538,103
2006,6,30.131705501618125,103
2006,7,29.30862824929533,103
2006,8,29.067857813968054,103
2006,9,28.880744336569578,103
2006,10,28.68782023175697,103
2006,11,29.161540453074434,103
2006,12,28.847879736924522,103
2007,1,27.73725023488882,103
2007,2,27.98857836338419,103
2007,3,28.916147823363605,103
2007,4,30.065741100323624,103
2007,5,29.751484497337927,103
2007,6,30.2512427184466,103
2007,7,29.722464766677106,103
2007,8,29.19205136235515,103
2007,9,29.012210355987055,103
2007,10,28.847369245223927,103
2007,11,28.405148867313915,103
2007,12,28.02949890385218,103
2008,1,27.948963357344187,103
2008,2,28.1386307331771,103
2008,3,28.46859379893517,103
2008,4,29.9075857605178,103
2008,5,29.673316630128404,103
2008,6,29.36246278317152,103
2008,7,29.113905418102096,103
2008,8,29.050823676792984,103
2008,9,29.19045631067961,103
2008,10,29.372630754776072,103
2008,11,28.901867313915858,103
2008,12,27.77795803319762,103
2009,1,27.18484810523019,103
2009,2,28.28985436893204,103
2009,3,29.106078922643285,103
2009,4,29.893741100323627,103
2009,5,30.045126839962418,103
2009,6,29.818407766990294,103
2009,7,29.705627936110243,103
2009,8,29.16830566865017,103
2009,9,28.9321715210356,103
2009,10,28.65638897588475,103
2009,11,28.484996763754044,103
2009,12,28.45428437206389,103
2010,1,28.580573128719074,103
2010,2,28.87101248266297,103
2010,3,29.71519887253367,103
2010,4,30.479135922330098,103
2010,5,31.227397431882242,103
2010,6,30.44659223300971,103
2010,7,29.965809583463827,103
2010,8,29.35576260569997,103
2010,9,29.525478964401294,103
2010,10,29.374419041653617,103
2010,11,28.57950161812298,103
2010,12,28.27453178828688,103
2011,1,27.98808017538365,103
2011,2,28.370520110957006,103
2011,3,28.758816160350765,103
2011,4,28.948948220064725,103
2011,5,30.05187284685249,103
2011,6,29.51896116504854,103
2011,7,29.518008142812402,103
2011,8,29.172279987472596,103
2011,9,28.837601941747575,103
2011,10,28.610422799874726,103
2011,11,28.856763754045307,103
2011,12,28.049119949890382,103
2012,1,27.774619480112747,103
2012,2,28.304127887512553,103
2012,3,29.412442843720637,103
2012,4,29.893731391585764,103
2012,5,29.723194487942376,103
2012,6,29.36752427184466,103
2012,7,29.09734105856561,103
2012,8,29.090889445662388,103
2012,9,28.682569579288025,103
2012,10,28.871017851550267,103
2012,11,29.313501618122977,103
2012,12,29.024087065455685,103
2013,1,28.752189163795805,103
2013,2,28.366348821081832,103
2013,3,29.249176323207013,103
2013,4,29.983527508090617,103
2013,5,30.518869401816474,103
2013,6,29.769893203883495,103
2013,7,28.905737550892578,103
2013,8,28.606266833698715,103
2013,9,28.978187702265373,103
2013,10,28.65217037269026,103
2013,11,29.260148867313916,103
2013,12,28.11046664578766,103
2014,1,27.278565612276857,103
2014,2,27.655280859916783,103
2014,3,28.38040087691826,103
2014,4,30.323498381877023,103
2014,5,30.842198559348574,103
2014,6,30.047258899676375,103
2014,7,29.385928593798937,103
2014,8,29.400488568744127,103
2014,9,29.119679611650486,103
2014,10,29.171064829314126,103
2014,11,29.295368932038837,103
2014,12,28.914137175070465,103
2015,1,28.0099342311306,103
2015,2,28.220669209431346,103
2015,3,28.94580331976198,103
2015,4,29.540414239482203,103
2015,5,30.36310053241466,103
2015,6,30.07567637540453,103
2015,7,29.445299091763232,103
2015,8,29.593200751644222,103
2015,9,29.66657928802589,103
2015,10,29.615568430942684,103
2015,11,29.351521035598704,103
2015,12,29.558142812402128,103
2016,1,29.21179768243032,103
2016,2,28.789912956143286,103
2016,3,29.25010961478234,103
2016,4,30.409132686084142,103
2016,5,31.077422486689635,103
2016,6,29.9438640776699,103
2016,7,30.002815533980584,103
2016,8,29.330300657688692,103
2016,9,28.729229773462784,103
2016,10,28.551697463200753,103
2016,11,28.807352750809063,103
2016,12,28.61344816786721,103
2017,1,28.06547134356405,103
2017,2,28.317981969486823,103
2017,3,28.960156592546195,103
2017,4,29.77277022653722,103
2017,5,30.176990291262136,103
2017,6,29.650009708737862,103
2017,7,29.42119010335108,103
2017,8,29.372781083620417,103
2017,9,29.305809061488674,103
2017,10,29.264653930472907,103
2017,11,28.91904207119741,103
2017,12,28.258161603507673,103
2018,1,28.136395239586594,103
2018,2,28.199420943134538,103
2018,3,29.536025681177577,103
2018,4,29.744572815533978,103
2018,5,30.49682743501409,103
2018,6,29.956679611650486,103
2018,7,29.02855308487316,103
2018,8,28.918509238960226,103
2018,9,28.842818770226536,103
2018,10,29.27814907610398,103
2018,11,29.2027928802589,103
2018,12,28.966000626370185,103
2019,1,28.641484497337924,103
2019,2,28.63360957004161,103
2019,3,29.506955840901973,103
2019,4,30.533411003236246,103
2019,5,30.41408393360476,103
2019,6,30.21099352750809,103
2019,7,29.872355151894766,103
2019,8,29.35465393047291,103
2019,9,29.03773139158576,103
2019,10,29.57856874412778,103
2019,11,29.47830420711974,103
2019,12,28.422568117757592,103
2020,1,28.373213279047917,103
2020,2,28.332500836960158,103
2020,3,29.218305668650174,103
2020,4,30.50421359223301,103
2020,5,30.5589383025368,103
2020,6,30.23916504854369,103
2020,7,30.42740369558409,103
2020,8,30.159376761666145,103
2020,9,29.87864724919094,103
2020,10,28.92171938615722,103
2020,11,28.69242718446602,103
2020,12,28.266777325399314,103
2021,1,27.687068587535233,103
2021,2,27.858630374479887,103
2021,3,28.854495145631066,103
2021,4,30.035663430420712,103
2021,5,30.651907297212652,103
2021,6,30.080122977346278,103
2021,7,29.817632320701534,103
2021,8,29.359132477294082,103
2021,9,29.18026447941078,103
2021,10,29.12033197619793,103
2021,11,28.964398058252428,103
2021,12,28.31414657062324,103
2022,1,28.530510491700596,103
2022,2,28.716816920943135,103
2022,3,29.34507986219856,103
2022,4,30.279896440129452,103
2022,5,30.166163482618227,103
2022,6,30.006951456310677,103
2022,7,29.577604134043217,103
2022,8,29.397488255559033,103
2022,9,29.473550161812298,103
2022,10,28.99259223300971,103
2022,11,28.79815857605178,103
2022,12,28.1057406827435,103
2023,1,27.856918258690886,103
2023,2,28.332441567781377,103
2023,3,28.52456623864704,103
2023,4,30.216381877022652,103
2023,5,30.80672095208268,103
2023,6,29.81678640776699,103
2023,7,29.598440338239904,103
2023,8,29.62176636392108,103
2023,9,29.19679935275081,103
2023,10,29.65203570310053,103
2023,11,29.691611650485438,103
2023,12,28.881820388349517,103
2024,1,28.78251487629189,103
2024,2,29.05502176096418,103
2024,3,29.442239482200648,103
2024,4,30.83583495145631,103
2024,5,31.194315690573127,103
2024,6,30.80230420711974,103
2024,7,30.027441277795177,103
2024,8,30.058565612276855,103
2024,9,29.597385113268608,103
2024,10,29.619799561540873,103
2024,11,29.695281553398058,103
2024,12,28.88782962730974,103
2025,1,28.148174130911368,103
2025,2,28.549185159500695,103
2025,3,28.99246163482618,103
2025,4,29.795644012944983,103
2025,5,30.245082994049483,103
2025,6,29.848664211583532,103
2025,7,29.624403382399,103
2025,8,29.64951143125587,103
2025,9,29.13269579288026,103
2025,10,29.125120576260567,103
2025,11,28.792692556634304,103
2025,12,28.222020043845912,103
2026,1,28.183855308487317,103
2026,2,28.475440360610264,103
2026,3,29.53504854368932,103
2026,4,30.43713915857605,103
2026,5,30.65772627622925,103
2026,6,30.2287947773686,103
2026,7,30.265417475728157,103
2026,8,29.985117444409646,103
