param,year,month,source,sensors,status,reason
sst,2018,1,E:\SST_Chlor\Monthly\SST_4km\2018\SST_VIIRS_01_January_2018_4km.data,JPSS1_VIIRS,used,accepted
sst,2018,2,E:\SST_Chlor\Monthly\SST_4km\2018\SST_VIIRS_02_February_2018_4km.data,JPSS1_VIIRS,used,accepted
sst,2018,3,E:\SST_Chlor\Monthly\SST_4km\2018\SST_VIIRS_03_March_2018_4km.data,JPSS1_VIIRS,used,accepted
sst,2018,4,E:\SST_Chlor\Monthly\SST_4km\2018\SST_VIIRS_04_April_2018_4km.data,JPSS1_VIIRS+SNPP_VIIRS,used,accepted
sst,2018,5,E:\SST_Chlor\Monthly\SST_4km\2018\SST_VIIRS_05_May_2018_4km.data,JPSS1_VIIRS,used,accepted
sst,2018,6,E:\SST_Chlor\Monthly\SST_4km\2018\SST_VIIRS_06_June_2018_4km.data,JPSS1_VIIRS,used,accepted
sst,2018,7,E:\SST_Chlor\Monthly\SST_4km\2018\SST_VIIRS_07_July_2018_4km.data,JPSS1_VIIRS,used,accepted
sst,2018,8,E:\SST_Chlor\Monthly\SST_4km\2018\SST_VIIRS_08_August_2018_4km.data,JPSS1_VIIRS,used,accepted
sst,2018,9,E:\SST_Chlor\Monthly\SST_4km\2018\SST_VIIRS_09_September_2018_4km.data,JPSS1_VIIRS,used,accepted
sst,2018,10,E:\SST_Chlor\Monthly\SST_4km\2018\SST_VIIRS_10_October_2018_4km.data,JPSS1_VIIRS,used,accepted
sst,2018,11,E:\SST_Chlor\Monthly\SST_4km\2018\SST_VIIRS_11_November_2018_4km.data,JPSS1_VIIRS,used,accepted
sst,2018,12,E:\SST_Chlor\Monthly\SST_4km\2018\SST_VIIRS_12_December_2018_4km.data,JPSS1_VIIRS,used,accepted
sst,2019,1,E:\SST_Chlor\Monthly\SST_4km\2019\SST_VIIRS_01_January_2019_4km.data,JPSS1_VIIRS+SNPP_VIIRS,used,accepted
sst,2019,2,E:\SST_Chlor\Monthly\SST_4km\2019\SST_VIIRS_02_February_2019_4km.data,JPSS1_VIIRS+SNPP_VIIRS,used,accepted
sst,2019,3,E:\SST_Chlor\Monthly\SST_4km\2019\SST_VIIRS_03_March_2019_4km.data,JPSS1_VIIRS+SNPP_VIIRS,used,accepted
sst,2019,4,E:\SST_Chlor\Monthly\SST_4km\2019\SST_VIIRS_04_April_2019_4km.data,JPSS1_VIIRS+SNPP_VIIRS,used,accepted
sst,2019,5,E:\SST_Chlor\Monthly\SST_4km\2019\SST_VIIRS_05_May_2019_4km.data,JPSS1_VIIRS+SNPP_VIIRS,used,accepted
sst,2019,6,E:\SST_Chlor\Monthly\SST_4km\2019\SST_VIIRS_06_June_2019_4km.data,JPSS1_VIIRS+SNPP_VIIRS,used,accepted
sst,2019,7,E:\SST_Chlor\Monthly\SST_4km\2019\SST_VIIRS_07_July_2019_4km.data,JPSS1_VIIRS+SNPP_VIIRS,used,accepted
sst,2019,8,E:\SST_Chlor\Monthly\SST_4km\2019\SST_VIIRS_08_August_2019_4km.data,JPSS1_VIIRS+SNPP_VIIRS,used,accepted
sst,2019,9,E:\SST_Chlor\Monthly\SST_4km\2019\SST_VIIRS_09_September_2019_4km.data,JPSS1_VIIRS+SNPP_VIIRS,used,accepted
sst,2019,10,E:\SST_Chlor\Monthly\SST_4km\2019\SST_VIIRS_10_October_2019_4km.data,JPSS1_VIIRS+SNPP_VIIRS,used,accepted
sst,2019,11,E:\SST_Chlor\Monthly\SST_4km\2019\SST_VIIRS_11_November_2019_4km.data,JPSS1_VIIRS+SNPP_VIIRS,used,accepted
sst,2019,12,E:\SST_Chlor\Monthly\SST_4km\2019\SST_VIIRS_12_December_2019_4km.data,JPSS1_VIIRS+SNPP_VIIRS,used,accepted
sst,2020,1,E:\SST_Chlor\Monthly\SST_4km\2020\SST_VIIRS_01_January_2020_4km.data,JPSS1_VIIRS+SNPP_VIIRS,used,accepted
sst,2020,2,E:\SST_Chlor\Monthly\SST_4km\2020\SST_VIIRS_02_February_2020_4km.data,JPSS1_VIIRS+SNPP_VIIRS,used,accepted
sst,2020,3,E:\SST_Chlor\Monthly\SST_4km\2020\SST_VIIRS_03_March_2020_4km.data,JPSS1_VIIRS+SNPP_VIIRS,used,accepted
sst,2020,4,E:\SST_Chlor\Monthly\SST_4km\2020\SST_VIIRS_04_April_2020_4km.data,JPSS1_VIIRS+SNPP_VIIRS,used,accepted
sst,2020,5,E:\SST_Chlor\Monthly\SST_4km\2020\SST_VIIRS_05_May_2020_4km.data,JPSS1_VIIRS+SNPP_VIIRS,used,accepted
sst,2020,6,E:\SST_Chlor\Monthly\SST_4km\2020\SST_VIIRS_06_June_2020_4km.data,JPSS1_VIIRS+SNPP_VIIRS,used,accepted
sst,2020,7,E:\SST_Chlor\Monthly\SST_4km\2020\SST_VIIRS_07_July_2020_4km.data,JPSS1_VIIRS+SNPP_VIIRS,used,accepted
sst,2020,8,E:\SST_Chlor\Monthly\SST_4km\2020\SST_VIIRS_08_August_2020_4km.data,JPSS1_VIIRS+SNPP_VIIRS,used,accepted
sst,2020,9,E:\SST_Chlor\Monthly\SST_4km\2020\SST_VIIRS_09_September_2020_4km.data,JPSS1_VIIRS+SNPP_VIIRS,used,accepted
sst,2020,10,E:\SST_Chlor\Monthly\SST_4km\2020\SST_VIIRS_10_October_2020_4km.data,JPSS1_VIIRS+SNPP_VIIRS,used,accepted
sst,2020,11,E:\SST_Chlor\Monthly\SST_4km\2020\SST_VIIRS_11_November_2020_4km.data,JPSS1_VIIRS+SNPP_VIIRS,used,accepted
sst,2020,12,E:\SST_Chlor\Monthly\SST_4km\2020\SST_VIIRS_12_December_2020_4km.data,JPSS1_VIIRS+SNPP_VIIRS,used,accepted
sst,2021,1,E:\SST_Chlor\Monthly\SST_4km\2021\SST_VIIRS_01_January_2021_4km.data,JPSS1_VIIRS+SNPP_VIIRS,used,accepted
sst,2021,2,E:\SST_Chlor\Monthly\SST_4km\2021\SST_VIIRS_02_February_2021_4km.data,JPSS1_VIIRS+SNPP_VIIRS,used,accepted
sst,2021,3,E:\SST_Chlor\Monthly\SST_4km\2021\SST_VIIRS_03_March_2021_4km.data,JPSS1_VIIRS+SNPP_VIIRS,used,accepted
sst,2021,4,E:\SST_Chlor\Monthly\SST_4km\2021\SST_VIIRS_04_April_2021_4km.data,JPSS1_VIIRS+SNPP_VIIRS,used,accepted
sst,2021,5,E:\SST_Chlor\Monthly\SST_4km\2021\SST_VIIRS_05_May_2021_4km.data,JPSS1_VIIRS+SNPP_VIIRS,used,accepted
sst,2021,6,E:\SST_Chlor\Monthly\SST_4km\2021\SST_VIIRS_06_June_2021_4km.data,JPSS1_VIIRS+SNPP_VIIRS,used,accepted
sst,2021,7,E:\SST_Chlor\Monthly\SST_4km\2021\SST_VIIRS_07_July_2021_4km.data,JPSS1_VIIRS+SNPP_VIIRS,used,accepted
sst,2021,8,E:\SST_Chlor\Monthly\SST_4km\2021\SST_VIIRS_08_August_2021_4km.data,JPSS1_VIIRS+SNPP_VIIRS,used,accepted
sst,2021,9,E:\SST_Chlor\Monthly\SST_4km\2021\SST_VIIRS_09_September_2021_4km.data,JPSS1_VIIRS+SNPP_VIIRS,used,accepted
sst,2021,10,E:\SST_Chlor\Monthly\SST_4km\2021\SST_VIIRS_10_October_2021_4km.data,JPSS1_VIIRS+SNPP_VIIRS,used,accepted
sst,2021,11,E:\SST_Chlor\Monthly\SST_4km\2021\SST_VIIRS_11_November_2021_4km.data,JPSS1_VIIRS+SNPP_VIIRS,used,accepted
sst,2021,12,E:\SST_Chlor\Monthly\SST_4km\2021\SST_VIIRS_12_December_2021_4km.data,JPSS1_VIIRS+SNPP_VIIRS,used,accepted
sst,2022,1,E:\SST_Chlor\Monthly\SST_4km\2022\SST_VIIRS_01_January_2022_4km.data,JPSS1_VIIRS+SNPP_VIIRS,used,accepted
sst,2022,2,E:\SST_Chlor\Monthly\SST_4km\2022\SST_VIIRS_02_February_2022_4km.data,JPSS1_VIIRS+SNPP_VIIRS,used,accepted
sst,2022,3,E:\SST_Chlor\Monthly\SST_4km\2022\SST_VIIRS_03_March_2022_4km.data,JPSS1_VIIRS+SNPP_VIIRS,used,accepted
sst,2022,4,E:\SST_Chlor\Monthly\SST_4km\2022\SST_VIIRS_04_April_2022_4km.data,JPSS1_VIIRS+SNPP_VIIRS,used,accepted
sst,2022,5,E:\SST_Chlor\Monthly\SST_4km\2022\SST_VIIRS_05_May_2022_4km.data,JPSS1_VIIRS+SNPP_VIIRS,used,accepted
sst,2022,6,E:\SST_Chlor\Monthly\SST_4km\2022\SST_VIIRS_06_June_2022_4km.data,JPSS1_VIIRS+SNPP_VIIRS,used,accepted
sst,2022,7,E:\SST_Chlor\Monthly\SST_4km\2022\SST_VIIRS_07_July_2022_4km.data,JPSS1_VIIRS+SNPP_VIIRS,used,accepted
sst,2022,8,E:\SST_Chlor\Monthly\SST_4km\2022\SST_VIIRS_08_August_2022_4km.data,JPSS1_VIIRS+SNPP_VIIRS,used,accepted
sst,2022,9,E:\SST_Chlor\Monthly\SST_4km\2022\SST_VIIRS_09_September_2022_4km.data,JPSS1_VIIRS+SNPP_VIIRS,used,accepted
sst,2022,10,E:\SST_Chlor\Monthly\SST_4km\2022\SST_VIIRS_10_October_2022_4km.data,JPSS1_VIIRS+SNPP_VIIRS,used,accepted
sst,2022,11,E:\SST_Chlor\Monthly\SST_4km\2022\SST_VIIRS_11_November_2022_4km.data,JPSS1_VIIRS+SNPP_VIIRS,used,accepted
sst,2022,12,E:\SST_Chlor\Monthly\SST_4km\2022\SST_VIIRS_12_December_2022_4km.data,JPSS1_VIIRS+SNPP_VIIRS,used,accepted
sst,2023,1,E:\SST_Chlor\Monthly\SST_4km\2023\SST_VIIRS_01_January_2023_4km.data,JPSS1_VIIRS+SNPP_VIIRS,used,accepted
sst,2023,2,E:\SST_Chlor\Monthly\SST_4km\2023\SST_VIIRS_02_February_2023_4km.data,JPSS1_VIIRS+SNPP_VIIRS,used,accepted
sst,2023,3,E:\SST_Chlor\Monthly\SST_4km\2023\SST_VIIRS_03_March_2023_4km.data,JPSS1_VIIRS+SNPP_VIIRS,used,accepted
sst,2023,4,E:\SST_Chlor\Monthly\SST_4km\2023\SST_VIIRS_04_April_2023_4km.data,JPSS1_VIIRS+SNPP_VIIRS,used,accepted
sst,2023,5,E:\SST_Chlor\Monthly\SST_4km\2023\SST_VIIRS_05_May_2023_4km.data,JPSS1_VIIRS+SNPP_VIIRS,used,accepted
sst,2023,6,E:\SST_Chlor\Monthly\SST_4km\2023\SST_VIIRS_06_June_2023_4km.data,JPSS1_VIIRS+SNPP_VIIRS,used,accepted
sst,2023,7,E:\SST_Chlor\Monthly\SST_4km\2023\SST_VIIRS_07_July_2023_4km.data,JPSS1_VIIRS+SNPP_VIIRS,used,accepted
sst,2023,8,E:\SST_Chlor\Monthly\SST_4km\2023\SST_VIIRS_08_August_2023_4km.data,JPSS1_VIIRS+SNPP_VIIRS,used,accepted
sst,2023,9,E:\SST_Chlor\Monthly\SST_4km\2023\SST_VIIRS_09_September_2023_4km.data,JPSS1_VIIRS+SNPP_VIIRS,used,accepted
sst,2023,10,E:\SST_Chlor\Monthly\SST_4km\2023\SST_VIIRS_10_October_2023_4km.data,JPSS1_VIIRS+SNPP_VIIRS,used,accepted
sst,2023,11,E:\SST_Chlor\Monthly\SST_4km\2023\SST_VIIRS_11_November_2023_4km.data,JPSS1_VIIRS+SNPP_VIIRS,used,accepted
sst,2023,12,E:\SST_Chlor\Monthly\SST_4km\2023\SST_VIIRS_12_December_2023_4km.data,JPSS1_VIIRS+SNPP_VIIRS,used,accepted
sst,2024,1,E:\SST_Chlor\Monthly\SST_4km\2024\SST_VIIRS_01_January_2024_4km.data,JPSS1_VIIRS,used,accepted
sst,2024,2,E:\SST_Chlor\Monthly\SST_4km\2024\SST_VIIRS_02_February_2024_4km.data,JPSS1_VIIRS+SNPP_VIIRS,used,accepted
sst,2024,3,E:\SST_Chlor\Monthly\SST_4km\2024\SST_VIIRS_03_March_2024_4km.data,JPSS1_VIIRS+SNPP_VIIRS,used,accepted
sst,2024,4,E:\SST_Chlor\Monthly\SST_4km\2024\SST_VIIRS_04_April_2024_4km.data,JPSS1_VIIRS+SNPP_VIIRS,used,accepted
sst,2024,5,E:\SST_Chlor\Monthly\SST_4km\2024\SST_VIIRS_05_May_2024_4km.data,JPSS1_VIIRS,used,accepted
sst,2024,6,E:\SST_Chlor\Monthly\SST_4km\2024\SST_VIIRS_06_June_2024_4km.data,JPSS1_VIIRS,used,accepted
sst,2024,7,E:\SST_Chlor\Monthly\SST_4km\2024\SST_VIIRS_07_July_2024_4km.data,JPSS1_VIIRS,used,accepted
sst,2024,8,E:\SST_Chlor\Monthly\SST_4km\2024\SST_VIIRS_08_August_2024_4km.data,JPSS1_VIIRS,used,accepted
sst,2024,9,E:\SST_Chlor\Monthly\SST_4km\2024\SST_VIIRS_09_September_2024_4km.data,JPSS1_VIIRS,used,accepted
sst,2024,10,E:\SST_Chlor\Monthly\SST_4km\2024\SST_VIIRS_10_October_2024_4km.data,JPSS1_VIIRS,used,accepted
sst,2024,11,E:\SST_Chlor\Monthly\SST_4km\2024\SST_VIIRS_11_November_2024_4km.data,JPSS1_VIIRS,used,accepted
sst,2024,12,E:\SST_Chlor\Monthly\SST_4km\2024\SST_VIIRS_12_December_2024_4km.data,JPSS1_VIIRS,used,accepted
sst,2025,1,E:\SST_Chlor\Monthly\SST_4km\2025\SST_VIIRS_01_January_2025_4km.data,JPSS1_VIIRS,used,accepted
sst,2025,2,E:\SST_Chlor\Monthly\SST_4km\2025\SST_VIIRS_02_February_2025_4km.data,JPSS1_VIIRS,used,accepted
sst,2025,3,E:\SST_Chlor\Monthly\SST_4km\2025\SST_VIIRS_03_March_2025_4km.data,JPSS1_VIIRS,used,accepted
sst,2025,4,E:\SST_Chlor\Monthly\SST_4km\2025\SST_VIIRS_04_April_2025_4km.data,JPSS1_VIIRS,used,accepted
sst,2025,5,E:\SST_Chlor\Monthly\SST_4km\2025\SST_VIIRS_05_May_2025_4km.data,JPSS1_VIIRS,used,accepted
sst,2025,6,E:\SST_Chlor\Monthly\SST_4km\2025\SST_VIIRS_06_June_2025_4km.data,JPSS1_VIIRS,used,accepted
sst,2025,7,E:\SST_Chlor\Monthly\SST_4km\2025\SST_VIIRS_07_July_2025_4km.data,JPSS1_VIIRS,used,accepted
sst,2025,8,E:\SST_Chlor\Monthly\SST_4km\2025\SST_VIIRS_08_August_2025_4km.data,JPSS1_VIIRS,used,accepted
sst,2025,9,E:\SST_Chlor\Monthly\SST_4km\2025\SST_VIIRS_09_September_2025_4km.data,JPSS1_VIIRS,used,accepted
sst,2025,10,E:\SST_Chlor\Monthly\SST_4km\2025\SST_VIIRS_10_October_2025_4km.data,JPSS1_VIIRS,used,accepted
sst,2025,11,E:\SST_Chlor\Monthly\SST_4km\2025\SST_VIIRS_11_November_2025_4km.data,JPSS1_VIIRS,used,accepted
sst,2025,12,E:\SST_Chlor\Monthly\SST_4km\2025\SST_VIIRS_12_December_2025_4km.data,JPSS1_VIIRS,used,accepted
sst,2026,1,E:\SST_Chlor\Monthly\SST_4km\2026\SST_VIIRS_01_January_2026_4km.data,AQUA_MODIS+TERRA_MODIS,rejected,product_name is SST_MODIS_01_January_2026_4km
sst,2026,1,E:\SST_Chlor\Monthly\SST_4km\2026\SST_VIIRS_01_January_2026_4km.data,MODIS Aqua+Terra,estimate,no VIIRS; MODIS minus the 2024 MODIS-VIIRS offset
sst,2026,2,E:\SST_Chlor\Monthly\SST_4km\2026\SST_VIIRS_02_February_2026_4km.data,AQUA_MODIS+TERRA_MODIS,rejected,product_name is SST_MODIS_02_February_2026_4km
sst,2026,2,E:\SST_Chlor\Monthly\SST_4km\2026\SST_VIIRS_02_February_2026_4km.data,MODIS Aqua+Terra,estimate,no VIIRS; MODIS minus the 2024 MODIS-VIIRS offset
sst,2026,3,E:\SST_Chlor\Monthly\SST_4km\2026\SST_VIIRS_03_March_2026_4km.data,AQUA_MODIS+TERRA_MODIS,rejected,product_name is SST_MODIS_03_March_2026_4km
sst,2026,3,E:\SST_Chlor\Monthly\SST_4km\2026\SST_VIIRS_03_March_2026_4km.data,MODIS Aqua+Terra,estimate,no VIIRS; MODIS minus the 2024 MODIS-VIIRS offset
sst,2026,4,E:\SST_Chlor\Monthly\SST_4km\2026\SST_VIIRS_04_April_2026_4km.data,AQUA_MODIS+TERRA_MODIS,rejected,product_name is SST_MODIS_04_April_2026_4km
sst,2026,4,E:\SST_Chlor\Monthly\SST_4km\2026\SST_VIIRS_04_April_2026_4km.data,MODIS Aqua+Terra,estimate,no VIIRS; MODIS minus the 2024 MODIS-VIIRS offset
sst,2026,5,E:\SST_Chlor\Monthly\SST_4km\2026\SST_VIIRS_05_May_2026_4km.data,AQUA_MODIS+TERRA_MODIS,rejected,product_name is SST_MODIS_05_May_2026_4km
sst,2026,5,E:\SST_Chlor\Monthly\SST_4km\2026\SST_VIIRS_05_May_2026_4km.data,MODIS Aqua+Terra,estimate,no VIIRS; MODIS minus the 2024 MODIS-VIIRS offset
sst,2026,6,E:\SST_Chlor\Monthly\SST_4km\2026\SST_VIIRS_06_Jun_2026_4km.data,AQUA_MODIS+TERRA_MODIS,rejected,product_name is SST_MODIS_06_Jun_2026_4km
sst,2026,6,E:\SST_Chlor\Monthly\SST_4km\2026\SST_VIIRS_06_Jun_2026_4km.data,MODIS Aqua+Terra,estimate,no VIIRS; MODIS minus the 2024 MODIS-VIIRS offset
sst,2026,7,E:\SST_Chlor\Monthly\SST_4km\2026\SST_VIIRS_07_July_2026_4km.data,AQUA_MODIS+TERRA_MODIS,rejected,product_name is SST_MODIS_07_July_2026_4km
sst,2026,7,E:\SST_Chlor\Monthly\SST_4km\2026\SST_VIIRS_07_July_2026_4km.data,MODIS Aqua+Terra,estimate,no VIIRS; MODIS minus the 2024 MODIS-VIIRS offset
sst,2026,8,E:\SST_Chlor\Monthly\SST_4km\2026\SST_VIIRS_08_August_2026_4km.data,AQUA_MODIS,rejected,product_name is SST_MODIS_08_August_2026_4km
sst,2026,8,E:\SST_Chlor\Monthly\SST_4km\2026\SST_VIIRS_08_August_2026_4km.data,MODIS Aqua+Terra,estimate,no VIIRS; MODIS minus the 2024 MODIS-VIIRS offset
chl,2018,1,E:\SST_Chlor\Monthly\Chlor_a_4km\2018\Chlor_a_VIIRS_01_January_2018_4km.data,JPSS1_VIIRS+SNPP_VIIRS,used,accepted
chl,2018,2,E:\SST_Chlor\Monthly\Chlor_a_4km\2018\Chlor_a_VIIRS_02_February_2018_4km.data,JPSS1_VIIRS+SNPP_VIIRS,used,accepted
chl,2018,3,E:\SST_Chlor\Monthly\Chlor_a_4km\2018\Chlor_a_VIIRS_03_March_2018_4km.data,JPSS1_VIIRS+SNPP_VIIRS,used,accepted
chl,2018,4,E:\SST_Chlor\Monthly\Chlor_a_4km\2018\Chlor_a_VIIRS_04_April_2018_4km.data,JPSS1_VIIRS+SNPP_VIIRS,used,accepted
chl,2018,5,E:\SST_Chlor\Monthly\Chlor_a_4km\2018\Chlor_a_VIIRS_05_May_2018_4km.data,JPSS1_VIIRS+SNPP_VIIRS,used,accepted
chl,2018,6,E:\SST_Chlor\Monthly\Chlor_a_4km\2018\Chlor_a_VIIRS_06_June_2018_4km.data,JPSS1_VIIRS+SNPP_VIIRS,used,accepted
chl,2018,7,E:\SST_Chlor\Monthly\Chlor_a_4km\2018\Chlor_a_VIIRS_07_July_2018_4km.data,JPSS1_VIIRS+SNPP_VIIRS,used,accepted
chl,2018,8,E:\SST_Chlor\Monthly\Chlor_a_4km\2018\Chlor_a_VIIRS_08_August_2018_4km.data,JPSS1_VIIRS+SNPP_VIIRS,used,accepted
chl,2018,9,E:\SST_Chlor\Monthly\Chlor_a_4km\2018\Chlor_a_VIIRS_09_September_2018_4km.data,JPSS1_VIIRS+SNPP_VIIRS,used,accepted
chl,2018,10,E:\SST_Chlor\Monthly\Chlor_a_4km\2018\Chlor_a_VIIRS_10_October_2018_4km.data,JPSS1_VIIRS+SNPP_VIIRS,used,accepted
chl,2018,11,E:\SST_Chlor\Monthly\Chlor_a_4km\2018\Chlor_a_VIIRS_11_November_2018_4km.data,JPSS1_VIIRS+SNPP_VIIRS,used,accepted
chl,2018,12,E:\SST_Chlor\Monthly\Chlor_a_4km\2018\Chlor_a_VIIRS_12_December_2018_4km.data,JPSS1_VIIRS+SNPP_VIIRS,used,accepted
chl,2019,1,E:\SST_Chlor\Monthly\Chlor_a_4km\2019\Chlor_a_VIIRS_01_January_2019_4km.data,JPSS1_VIIRS+SNPP_VIIRS,used,accepted
chl,2019,2,E:\SST_Chlor\Monthly\Chlor_a_4km\2019\Chlor_a_VIIRS_02_February_2019_4km.data,JPSS1_VIIRS+SNPP_VIIRS,used,accepted
chl,2019,3,E:\SST_Chlor\Monthly\Chlor_a_4km\2019\Chlor_a_VIIRS_03_March_2019_4km.data,JPSS1_VIIRS+SNPP_VIIRS,used,accepted
chl,2019,4,E:\SST_Chlor\Monthly\Chlor_a_4km\2019\Chlor_a_VIIRS_04_April_2019_4km.data,JPSS1_VIIRS+SNPP_VIIRS,used,accepted
chl,2019,5,E:\SST_Chlor\Monthly\Chlor_a_4km\2019\Chlor_a_VIIRS_05_May_2019_4km.data,JPSS1_VIIRS+SNPP_VIIRS,used,accepted
chl,2019,6,E:\SST_Chlor\Monthly\Chlor_a_4km\2019\Chlor_a_VIIRS_06_June_2019_4km.data,JPSS1_VIIRS+SNPP_VIIRS,used,accepted
chl,2019,7,E:\SST_Chlor\Monthly\Chlor_a_4km\2019\Chlor_a_VIIRS_07_July_2019_4km.data,JPSS1_VIIRS+SNPP_VIIRS,used,accepted
chl,2019,8,E:\SST_Chlor\Monthly\Chlor_a_4km\2019\Chlor_a_VIIRS_08_August_2019_4km.data,JPSS1_VIIRS+SNPP_VIIRS,used,accepted
chl,2019,9,E:\SST_Chlor\Monthly\Chlor_a_4km\2019\Chlor_a_VIIRS_09_September_2019_4km.data,JPSS1_VIIRS+SNPP_VIIRS,used,accepted
chl,2019,10,E:\SST_Chlor\Monthly\Chlor_a_4km\2019\Chlor_a_VIIRS_10_October_2019_4km.data,JPSS1_VIIRS+SNPP_VIIRS,used,accepted
chl,2019,11,E:\SST_Chlor\Monthly\Chlor_a_4km\2019\Chlor_a_VIIRS_11_November_2019_4km.data,JPSS1_VIIRS+SNPP_VIIRS,used,accepted
chl,2019,12,E:\SST_Chlor\Monthly\Chlor_a_4km\2019\Chlor_a_VIIRS_12_December_2019_4km.data,JPSS1_VIIRS+SNPP_VIIRS,used,accepted
chl,2020,1,E:\SST_Chlor\Monthly\Chlor_a_4km\2020\Chlor_a_VIIRS_01_January_2020_4km.data,JPSS1_VIIRS+SNPP_VIIRS,used,accepted
chl,2020,2,E:\SST_Chlor\Monthly\Chlor_a_4km\2020\Chlor_a_VIIRS_02_February_2020_4km.data,JPSS1_VIIRS+SNPP_VIIRS,used,accepted
chl,2020,3,E:\SST_Chlor\Monthly\Chlor_a_4km\2020\Chlor_a_VIIRS_03_March_2020_4km.data,JPSS1_VIIRS+SNPP_VIIRS,used,accepted
chl,2020,4,E:\SST_Chlor\Monthly\Chlor_a_4km\2020\Chlor_a_VIIRS_04_April_2020_4km.data,JPSS1_VIIRS+SNPP_VIIRS,used,accepted
chl,2020,5,E:\SST_Chlor\Monthly\Chlor_a_4km\2020\Chlor_a_VIIRS_05_May_2020_4km.data,JPSS1_VIIRS+SNPP_VIIRS,used,accepted
chl,2020,6,E:\SST_Chlor\Monthly\Chlor_a_4km\2020\Chlor_a_VIIRS_06_June_2020_4km.data,JPSS1_VIIRS+SNPP_VIIRS,used,accepted
chl,2020,7,E:\SST_Chlor\Monthly\Chlor_a_4km\2020\Chlor_a_VIIRS_07_July_2020_4km.data,JPSS1_VIIRS+SNPP_VIIRS,used,accepted
chl,2020,8,E:\SST_Chlor\Monthly\Chlor_a_4km\2020\Chlor_a_VIIRS_08_August_2020_4km.data,JPSS1_VIIRS+SNPP_VIIRS,used,accepted
chl,2020,9,E:\SST_Chlor\Monthly\Chlor_a_4km\2020\Chlor_a_VIIRS_09_September_2020_4km.data,JPSS1_VIIRS+SNPP_VIIRS,used,accepted
chl,2020,10,E:\SST_Chlor\Monthly\Chlor_a_4km\2020\Chlor_a_VIIRS_10_October_2020_4km.data,JPSS1_VIIRS+SNPP_VIIRS,used,accepted
chl,2020,11,E:\SST_Chlor\Monthly\Chlor_a_4km\2020\Chlor_a_VIIRS_11_November_2020_4km.data,JPSS1_VIIRS+SNPP_VIIRS,used,accepted
chl,2020,12,E:\SST_Chlor\Monthly\Chlor_a_4km\2020\Chlor_a_VIIRS_12_December_2020_4km.data,JPSS1_VIIRS+SNPP_VIIRS,used,accepted
chl,2021,1,E:\SST_Chlor\Monthly\Chlor_a_4km\2021\Chlor_a_VIIRS_01_January_2021_4km.data,JPSS1_VIIRS+SNPP_VIIRS,used,accepted
chl,2021,2,E:\SST_Chlor\Monthly\Chlor_a_4km\2021\Chlor_a_VIIRS_02_February_2021_4km.data,JPSS1_VIIRS+SNPP_VIIRS,used,accepted
chl,2021,3,E:\SST_Chlor\Monthly\Chlor_a_4km\2021\Chlor_a_VIIRS_03_March_2021_4km.data,JPSS1_VIIRS+SNPP_VIIRS,used,accepted
chl,2021,4,E:\SST_Chlor\Monthly\Chlor_a_4km\2021\Chlor_a_VIIRS_04_April_2021_4km.data,JPSS1_VIIRS+SNPP_VIIRS,used,accepted
chl,2021,5,E:\SST_Chlor\Monthly\Chlor_a_4km\2021\Chlor_a_VIIRS_05_May_2021_4km.data,JPSS1_VIIRS+SNPP_VIIRS,used,accepted
chl,2021,6,E:\SST_Chlor\Monthly\Chlor_a_4km\2021\Chlor_a_VIIRS_06_June_2021_4km.data,JPSS1_VIIRS+SNPP_VIIRS,used,accepted
chl,2021,7,E:\SST_Chlor\Monthly\Chlor_a_4km\2021\Chlor_a_VIIRS_07_July_2021_4km.data,JPSS1_VIIRS+SNPP_VIIRS,used,accepted
chl,2021,8,E:\SST_Chlor\Monthly\Chlor_a_4km\2021\Chlor_a_VIIRS_08_August_2021_4km.data,JPSS1_VIIRS+SNPP_VIIRS,used,accepted
chl,2021,9,E:\SST_Chlor\Monthly\Chlor_a_4km\2021\Chlor_a_VIIRS_09_September_2021_4km.data,JPSS1_VIIRS+SNPP_VIIRS,used,accepted
chl,2021,10,E:\SST_Chlor\Monthly\Chlor_a_4km\2021\Chlor_a_VIIRS_10_October_2021_4km.data,JPSS1_VIIRS+SNPP_VIIRS,used,accepted
chl,2021,11,E:\SST_Chlor\Monthly\Chlor_a_4km\2021\Chlor_a_VIIRS_11_November_2021_4km.data,JPSS1_VIIRS+SNPP_VIIRS,used,accepted
chl,2021,12,E:\SST_Chlor\Monthly\Chlor_a_4km\2021\Chlor_a_VIIRS_12_December_2021_4km.data,JPSS1_VIIRS+SNPP_VIIRS,used,accepted
chl,2022,1,E:\SST_Chlor\Monthly\Chlor_a_4km\2022\Chlor_a_VIIRS_01_January_2022_4km.data,JPSS1_VIIRS+SNPP_VIIRS,used,accepted
chl,2022,2,E:\SST_Chlor\Monthly\Chlor_a_4km\2022\Chlor_a_VIIRS_02_February_2022_4km.data,JPSS1_VIIRS+SNPP_VIIRS,used,accepted
chl,2022,3,E:\SST_Chlor\Monthly\Chlor_a_4km\2022\Chlor_a_VIIRS_03_March_2022_4km.data,JPSS1_VIIRS+SNPP_VIIRS,used,accepted
chl,2022,4,E:\SST_Chlor\Monthly\Chlor_a_4km\2022\Chlor_a_VIIRS_04_April_2022_4km.data,JPSS1_VIIRS+SNPP_VIIRS,used,accepted
chl,2022,5,E:\SST_Chlor\Monthly\Chlor_a_4km\2022\Chlor_a_VIIRS_05_May_2022_4km.data,JPSS1_VIIRS+SNPP_VIIRS,used,accepted
chl,2022,6,E:\SST_Chlor\Monthly\Chlor_a_4km\2022\Chlor_a_VIIRS_06_June_2022_4km.data,JPSS1_VIIRS+SNPP_VIIRS,used,accepted
chl,2022,7,E:\SST_Chlor\Monthly\Chlor_a_4km\2022\Chlor_a_VIIRS_07_July_2022_4km.data,JPSS1_VIIRS+SNPP_VIIRS,used,accepted
chl,2022,8,E:\SST_Chlor\Monthly\Chlor_a_4km\2022\Chlor_a_VIIRS_08_August_2022_4km.data,JPSS1_VIIRS+SNPP_VIIRS,used,accepted
chl,2022,9,E:\SST_Chlor\Monthly\Chlor_a_4km\2022\Chlor_a_VIIRS_09_September_2022_4km.data,JPSS1_VIIRS+SNPP_VIIRS,used,accepted
chl,2022,10,E:\SST_Chlor\Monthly\Chlor_a_4km\2022\Chlor_a_VIIRS_10_October_2022_4km.data,JPSS1_VIIRS+SNPP_VIIRS,used,accepted
chl,2022,11,E:\SST_Chlor\Monthly\Chlor_a_4km\2022\Chlor_a_VIIRS_11_November_2022_4km.data,JPSS1_VIIRS+SNPP_VIIRS,used,accepted
chl,2022,12,E:\SST_Chlor\Monthly\Chlor_a_4km\2022\Chlor_a_VIIRS_12_December_2022_4km.data,JPSS1_VIIRS+SNPP_VIIRS,used,accepted
chl,2023,1,E:\SST_Chlor\Monthly\Chlor_a_4km\2023\Chlor_a_VIIRS_01_January_2023_4km.data,JPSS1_VIIRS+SNPP_VIIRS,used,accepted
chl,2023,2,E:\SST_Chlor\Monthly\Chlor_a_4km\2023\Chlor_a_VIIRS_02_February_2023_4km.data,JPSS1_VIIRS+SNPP_VIIRS,used,accepted
chl,2023,3,E:\SST_Chlor\Monthly\Chlor_a_4km\2023\Chlor_a_VIIRS_03_March_2023_4km.data,JPSS1_VIIRS+SNPP_VIIRS,used,accepted
chl,2023,4,E:\SST_Chlor\Monthly\Chlor_a_4km\2023\Chlor_a_VIIRS_04_April_2023_4km.data,JPSS1_VIIRS+SNPP_VIIRS,used,accepted
chl,2023,5,E:\SST_Chlor\Monthly\Chlor_a_4km\2023\Chlor_a_VIIRS_05_May_2023_4km.data,JPSS1_VIIRS+SNPP_VIIRS,used,accepted
chl,2023,6,E:\SST_Chlor\Monthly\Chlor_a_4km\2023\Chlor_a_VIIRS_06_June_2023_4km.data,JPSS1_VIIRS+SNPP_VIIRS,used,accepted
chl,2023,7,E:\SST_Chlor\Monthly\Chlor_a_4km\2023\Chlor_a_VIIRS_07_July_2023_4km.data,JPSS1_VIIRS+SNPP_VIIRS,used,accepted
chl,2023,8,E:\SST_Chlor\Monthly\Chlor_a_4km\2023\Chlor_a_VIIRS_08_August_2023_4km.data,JPSS1_VIIRS+SNPP_VIIRS,used,accepted
chl,2023,9,E:\SST_Chlor\Monthly\Chlor_a_4km\2023\Chlor_a_VIIRS_09_September_2023_4km.data,JPSS1_VIIRS+SNPP_VIIRS,used,accepted
chl,2023,10,E:\SST_Chlor\Monthly\Chlor_a_4km\2023\Chlor_a_VIIRS_10_October_2023_4km.data,JPSS1_VIIRS+SNPP_VIIRS,used,accepted
chl,2023,11,E:\SST_Chlor\Monthly\Chlor_a_4km\2023\Chlor_a_VIIRS_11_November_2023_4km.data,JPSS1_VIIRS+SNPP_VIIRS,used,accepted
chl,2023,12,E:\SST_Chlor\Monthly\Chlor_a_4km\2023\Chlor_a_VIIRS_12_December_2023_4km.data,JPSS1_VIIRS+SNPP_VIIRS,used,accepted
chl,2024,1,E:\SST_Chlor\Monthly\Chlor_a_4km\2024\Chlor_a_VIIRS_01_January_2024_4km.data,JPSS1_VIIRS+SNPP_VIIRS,used,accepted
chl,2024,2,E:\SST_Chlor\Monthly\Chlor_a_4km\2024\Chlor_a_VIIRS_02_February_2024_4km.data,JPSS1_VIIRS+SNPP_VIIRS,used,accepted
chl,2024,3,E:\SST_Chlor\Monthly\Chlor_a_4km\2024\Chlor_a_VIIRS_03_March_2024_4km.data,JPSS1_VIIRS+SNPP_VIIRS,used,accepted
chl,2024,4,E:\SST_Chlor\Monthly\Chlor_a_4km\2024\Chlor_a_VIIRS_04_April_2024_4km.data,JPSS1_VIIRS+SNPP_VIIRS,used,accepted
chl,2024,5,E:\SST_Chlor\Monthly\Chlor_a_4km\2024\Chlor_a_VIIRS_05_May_2024_4km.data,JPSS1_VIIRS+SNPP_VIIRS,used,accepted
chl,2024,6,E:\SST_Chlor\Monthly\Chlor_a_4km\2024\Chlor_a_VIIRS_06_June_2024_4km.data,JPSS1_VIIRS+SNPP_VIIRS,used,accepted
chl,2024,7,E:\SST_Chlor\Monthly\Chlor_a_4km\2024\Chlor_a_VIIRS_07_July_2024_4km.data,JPSS1_VIIRS+SNPP_VIIRS,used,accepted
chl,2024,8,E:\SST_Chlor\Monthly\Chlor_a_4km\2024\Chlor_a_VIIRS_08_August_2024_4km.data,JPSS1_VIIRS+SNPP_VIIRS,used,accepted
chl,2024,9,E:\SST_Chlor\Monthly\Chlor_a_4km\2024\Chlor_a_VIIRS_09_September_2024_4km.data,JPSS1_VIIRS+SNPP_VIIRS,used,accepted
chl,2024,10,E:\SST_Chlor\Monthly\Chlor_a_4km\2024\Chlor_a_VIIRS_10_October_2024_4km.data,JPSS1_VIIRS+SNPP_VIIRS,used,accepted
chl,2024,11,E:\SST_Chlor\Monthly\Chlor_a_4km\2024\Chlor_a_VIIRS_11_November_2024_4km.data,JPSS1_VIIRS+SNPP_VIIRS,used,accepted
chl,2024,12,E:\SST_Chlor\Monthly\Chlor_a_4km\2024\Chlor_a_VIIRS_12_December_2024_4km.data,JPSS1_VIIRS+SNPP_VIIRS,used,accepted
chl,2025,1,E:\SST_Chlor\Monthly\Chlor_a_4km\2025\Chlor_a_VIIRS_01_January_2025_4km.data,JPSS1_VIIRS+SNPP_VIIRS,used,accepted
chl,2025,2,E:\SST_Chlor\Monthly\Chlor_a_4km\2025\Chlor_a_VIIRS_02_February_2025_4km.data,JPSS1_VIIRS+SNPP_VIIRS,used,accepted
chl,2025,3,E:\SST_Chlor\Monthly\Chlor_a_4km\2025\Chlor_a_VIIRS_03_March_2025_4km.data,JPSS1_VIIRS+SNPP_VIIRS,used,accepted
chl,2025,4,E:\SST_Chlor\Monthly\Chlor_a_4km\2025\Chlor_a_VIIRS_04_April_2025_4km.data,JPSS1_VIIRS+SNPP_VIIRS,used,accepted
chl,2025,5,E:\SST_Chlor\Monthly\Chlor_a_4km\2025\Chlor_a_VIIRS_05_May_2025_4km.data,JPSS1_VIIRS+SNPP_VIIRS,used,accepted
chl,2025,6,E:\SST_Chlor\Monthly\Chlor_a_4km\2025\Chlor_a_VIIRS_06_June_2025_4km.data,JPSS1_VIIRS+SNPP_VIIRS,used,accepted
chl,2025,7,E:\SST_Chlor\Monthly\Chlor_a_4km\2025\Chlor_a_VIIRS_07_July_2025_4km.data,JPSS1_VIIRS+SNPP_VIIRS,used,accepted
chl,2025,8,E:\SST_Chlor\Monthly\Chlor_a_4km\2025\Chlor_a_VIIRS_08_August_2025_4km.data,JPSS1_VIIRS+SNPP_VIIRS,used,accepted
chl,2025,9,E:\SST_Chlor\Monthly\Chlor_a_4km\2025\Chlor_a_VIIRS_09_September_2025_4km.data,JPSS1_VIIRS+SNPP_VIIRS,used,accepted
chl,2025,10,E:\SST_Chlor\Monthly\Chlor_a_4km\2025\Chlor_a_VIIRS_10_October_2025_4km.data,JPSS1_VIIRS+SNPP_VIIRS,used,accepted
chl,2025,11,E:\SST_Chlor\Monthly\Chlor_a_4km\2025\Chlor_a_VIIRS_11_November_2025_4km.data,JPSS1_VIIRS+SNPP_VIIRS,used,accepted
chl,2025,12,E:\SST_Chlor\Monthly\Chlor_a_4km\2025\Chlor_a_VIIRS_12_December_2025_4km.data,JPSS1_VIIRS+SNPP_VIIRS,used,accepted
chl,2026,1,E:\SST_Chlor\Monthly\Chlor_a_4km\2026\Chlor_a_VIIRS_01_January_2026_4km.data,JPSS1_VIIRS+SNPP_VIIRS,used,accepted
chl,2026,2,E:\SST_Chlor\Monthly\Chlor_a_4km\2026\Chlor_a_VIIRS_02_February_2026_4km.data,JPSS1_VIIRS+SNPP_VIIRS,used,accepted
chl,2026,3,E:\SST_Chlor\Monthly\Chlor_a_4km\2026\Chlor_a_VIIRS_03_March_2026_4km.data,JPSS1_VIIRS+SNPP_VIIRS,used,accepted
chl,2026,4,E:\SST_Chlor\Monthly\Chlor_a_4km\2026\Chlor_a_VIIRS_04_April_2026_4km.data,JPSS1_VIIRS+SNPP_VIIRS,used,accepted
chl,2026,5,E:\SST_Chlor\Monthly\Chlor_a_4km\2026\Chlor_a_VIIRS_05_May_2026_4km.data,JPSS1_VIIRS+SNPP_VIIRS,used,accepted
chl,2026,6,E:\SST_Chlor\Monthly\Chlor_a_4km\2026\Chlor_a_VIIRS_06_June_2026_4km.data,JPSS1_VIIRS+SNPP_VIIRS,used,accepted
chl,2026,7,E:\SST_Chlor\Monthly\Chlor_a_4km\2026\Chlor_a_VIIRS_07_July_2026_4km.data,JPSS1_VIIRS+SNPP_VIIRS,used,accepted
chl,2026,8,E:\SST_Chlor\Monthly\Chlor_a_4km\2026\Chlor_a_VIIRS_08_August_2026_4km.data,JPSS1_VIIRS+SNPP_VIIRS,used,accepted
