month,zone,climatology,pixels,years
1,overall,28.903992,15095,2018-2025 (8 yr)
1,upper_gulf,27.989273,610,2018-2025 (8 yr)
1,rayong,28.74035,439,2018-2025 (8 yr)
1,trat,29.124982,369,2018-2025 (8 yr)
1,central_gulf,28.862631,936,2018-2025 (8 yr)
1,lower_gulf,28.725914,968,2018-2025 (8 yr)
1,andaman,29.365241,1961,2018-2025 (8 yr)
2,overall,29.187012,15095,2018-2025 (8 yr)
2,upper_gulf,28.652102,610,2018-2025 (8 yr)
2,rayong,29.072442,439,2018-2025 (8 yr)
2,trat,29.275658,369,2018-2025 (8 yr)
2,central_gulf,29.255669,936,2018-2025 (8 yr)
2,lower_gulf,28.845986,968,2018-2025 (8 yr)
2,andaman,29.850673,1961,2018-2025 (8 yr)
3,overall,30.103296,15095,2018-2025 (8 yr)
3,upper_gulf,29.767765,610,2018-2025 (8 yr)
3,rayong,29.930104,439,2018-2025 (8 yr)
3,trat,30.207676,369,2018-2025 (8 yr)
3,central_gulf,30.567009,936,2018-2025 (8 yr)
3,lower_gulf,29.912127,968,2018-2025 (8 yr)
3,andaman,30.750041,1961,2018-2025 (8 yr)
4,overall,31.137589,15095,2018-2025 (8 yr)
4,upper_gulf,31.255014,610,2018-2025 (8 yr)
4,rayong,31.12276,439,2018-2025 (8 yr)
4,trat,31.338887,369,2018-2025 (8 yr)
4,central_gulf,31.674175,936,2018-2025 (8 yr)
4,lower_gulf,31.102274,968,2018-2025 (8 yr)
4,andaman,31.42853,1961,2018-2025 (8 yr)
5,overall,31.446642,15095,2018-2025 (8 yr)
5,upper_gulf,32.145847,610,2018-2025 (8 yr)
5,rayong,31.752136,439,2018-2025 (8 yr)
5,trat,31.794743,369,2018-2025 (8 yr)
5,central_gulf,32.064603,936,2018-2025 (8 yr)
5,lower_gulf,31.735299,968,2018-2025 (8 yr)
5,andaman,31.597002,1961,2018-2025 (8 yr)
6,overall,30.784544,15094,2018-2025 (8 yr)
6,upper_gulf,31.412123,610,2018-2025 (8 yr)
6,rayong,30.84769,439,2018-2025 (8 yr)
6,trat,30.623923,369,2018-2025 (8 yr)
6,central_gulf,31.240709,935,2018-2025 (8 yr)
6,lower_gulf,31.366795,968,2018-2025 (8 yr)
6,andaman,30.981552,1961,2018-2025 (8 yr)
7,overall,30.374062,15093,2018-2025 (8 yr)
7,upper_gulf,31.143132,610,2018-2025 (8 yr)
7,rayong,30.262603,439,2018-2025 (8 yr)
7,trat,30.240707,369,2018-2025 (8 yr)
7,central_gulf,30.76074,934,2018-2025 (8 yr)
7,lower_gulf,31.065669,968,2018-2025 (8 yr)
7,andaman,30.62904,1961,2018-2025 (8 yr)
8,overall,30.187371,15091,2018-2025 (8 yr)
8,upper_gulf,30.381438,610,2018-2025 (8 yr)
8,rayong,29.930749,439,2018-2025 (8 yr)
8,trat,30.027596,369,2018-2025 (8 yr)
8,central_gulf,30.628053,934,2018-2025 (8 yr)
8,lower_gulf,30.870754,968,2018-2025 (8 yr)
8,andaman,30.558734,1960,2018-2025 (8 yr)
9,overall,30.247742,15094,2018-2025 (8 yr)
9,upper_gulf,30.941024,610,2018-2025 (8 yr)
9,rayong,30.264689,439,2018-2025 (8 yr)
9,trat,30.194336,369,2018-2025 (8 yr)
9,central_gulf,30.515409,936,2018-2025 (8 yr)
9,lower_gulf,30.7105,968,2018-2025 (8 yr)
9,andaman,30.490929,1961,2018-2025 (8 yr)
10,overall,30.043376,15095,2018-2025 (8 yr)
10,upper_gulf,30.272441,610,2018-2025 (8 yr)
10,rayong,30.062895,439,2018-2025 (8 yr)
10,trat,30.240197,369,2018-2025 (8 yr)
10,central_gulf,30.458596,936,2018-2025 (8 yr)
10,lower_gulf,30.452091,968,2018-2025 (8 yr)
10,andaman,30.332918,1961,2018-2025 (8 yr)
11,overall,29.727157,15095,2018-2025 (8 yr)
11,upper_gulf,29.486393,610,2018-2025 (8 yr)
11,rayong,29.865987,439,2018-2025 (8 yr)
11,trat,30.013172,369,2018-2025 (8 yr)
11,central_gulf,29.677605,936,2018-2025 (8 yr)
11,lower_gulf,29.969979,968,2018-2025 (8 yr)
11,andaman,30.068564,1961,2018-2025 (8 yr)
12,overall,28.804658,15095,2018-2025 (8 yr)
12,upper_gulf,28.191225,610,2018-2025 (8 yr)
12,rayong,28.843648,439,2018-2025 (8 yr)
12,trat,29.151423,369,2018-2025 (8 yr)
12,central_gulf,28.428569,936,2018-2025 (8 yr)
12,lower_gulf,28.536605,968,2018-2025 (8 yr)
12,andaman,29.360852,1961,2018-2025 (8 yr)
